station_id,station_name,county,town,lat,lon
CAC010,國一S072K,桃園市,楊梅區,24.89583,121.1342
C2K620,馬光農場,雲林縣,虎尾鎮,23.721453,120.378864
C2FB50,出雲,臺中市,和平區,24.206469,120.902794
C2FB60,頭櫃山,臺中市,新社區,24.129842,120.858925
C2H9D0,三隻寮,南投縣,國姓鄉,24.093078,120.861578
C2H9E0,國姓南港,南投縣,國姓鄉,23.911108,120.846556
C2H9F0,柑林,南投縣,國姓鄉,24.018658,120.847072
C2H9G0,百勝,南投縣,國姓鄉,24.051142,120.909361
C2M930,石卓,嘉義縣,竹崎鄉,23.478744,120.702264
C2M940,日野賀,嘉義縣,阿里山鄉,23.434056,120.727169
C2M950,太和,嘉義縣,梅山鄉,23.538372,120.702961
C2K630,荷苞,雲林縣,古坑鄉,23.657717,120.595144
C2H9H0,苗改南投蜂場,南投縣,名間鄉,23.852589,120.693481
C2G9A0,畜試所彰化,彰化縣,北斗鎮,23.86045,120.557964
C2E970,八甲,苗栗縣,苗栗市,24.535811,120.795983
C2H9J0,中台,南投縣,埔里鎮,23.9996,120.938739
C2H9L0,馬烈霸,南投縣,仁愛鄉,24.1512,121.201772
C2H9M0,發祥,南投縣,仁愛鄉,24.154094,121.164517
C2H9N0,仁愛東眼,南投縣,仁愛鄉,24.026875,121.1205
C2H9P0,伊拿谷,南投縣,仁愛鄉,23.963211,121.088264
C2H9Q0,北東眼山,南投縣,仁愛鄉,24.120939,121.189303
C2H9R0,卓社,南投縣,仁愛鄉,23.887894,121.000086
C2H9S0,龍南,南投縣,國姓鄉,23.953536,120.833183
C2R970,屏科大,屏東縣,內埔鄉,22.648275,120.619247
C2H9T0,名間竹圍,南投縣,名間鄉,23.859914,120.637572
C2H9U0,鳳鵬,南投縣,鹿谷鄉,23.763919,120.788061
C2M960,外寮,嘉義縣,梅山鄉,23.562643,120.665688
C2M970,碧湖,嘉義縣,梅山鄉,23.568632,120.624165
C2R170,屏東,屏東縣,屏東市,22.660269,120.494027
C2V310,美濃,高雄市,美濃區,22.898792,120.51907
C0V910,大樹,高雄市,大樹區,22.684645,120.432803
C0AK10,太平里,新北市,林口區,25.134937,121.364899
C0SB10,美和,臺東縣,太麻里鄉,22.682078,121.060236
C0SB20,富岡,臺東縣,臺東市,22.792467,121.192669
C0SB30,新蘭,臺東縣,東河鄉,22.869214,121.223228
C0SB40,興隆,臺東縣,東河鄉,22.913661,121.257469
C0SB50,叭嗡嗡,臺東縣,成功鎮,23.047062,121.343223
C0SB60,白守蓮,臺東縣,成功鎮,23.126769,121.401914
C0SB70,小港漁港,臺東縣,成功鎮,23.158558,121.400431
C0SB80,長濱漁港,臺東縣,長濱鄉,23.313644,121.459994
C0TA10,花蓮漁港,花蓮縣,花蓮市,23.995322,121.638331
C0TA20,加灣,花蓮縣,秀林鄉,24.082025,121.608944
C0FB70,大甲溪埔,臺中市,大甲區,24.370625,120.620067
C0G9B0,和美,彰化縣,和美鎮,24.105169,120.492131
C0R950,萬隆國小,屏東縣,新埤鄉,22.507667,120.587817
C0E570,白沙屯,苗栗縣,通霄鎮,24.549447,120.696803
C0R960,內埔,屏東縣,內埔鄉,22.608483,120.570714
C0TA30,鹽寮,花蓮縣,壽豐鄉,23.845606,121.592664
C0AK30,硬漢嶺,新北市,八里區,25.136097,121.426372
C0FA60,鞍馬山工作站,臺中市,和平區,24.267064,121.000793
C0FA70,大雪山埡口,臺中市,和平區,24.26867,121.03062
C0FA80,小雪山天池,臺中市,和平區,24.28025,121.02627
C0FA90,小雪山林道,臺中市,和平區,24.29515,121.03651
C0FB00,大雪山,臺中市,和平區,24.254668,121.007374
C0FB10,出雲山苗圃,臺中市,和平區,24.23105,120.90475
C0FB20,雪山橋,臺中市,和平區,24.23192,120.9786
C0FB30,八仙山苗圃,臺中市,和平區,24.192719,121.001366
C0FB40,中橫21.6k,臺中市,和平區,24.2499,121.1455
C0E940,雪見,苗栗縣,泰安鄉,24.42595,121.01347
C0E950,松安,苗栗縣,泰安鄉,24.39792,120.98599
C0E960,觀霧分站,苗栗縣,泰安鄉,24.505781,121.113921
C0D750,樂山林道6k,新竹縣,五峰鄉,24.49999,121.08773
C0D760,大坪苗圃,新竹縣,五峰鄉,24.5362,121.1108
C0C790,東眼山,桃園市,復興區,24.8284,121.40888
C0C800,四稜,桃園市,復興區,24.64733,121.4293
C0UB60,明池,宜蘭縣,大同鄉,24.650688,121.475277
C0UB70,太平山中間站,宜蘭縣,大同鄉,24.542003,121.513453
C0UB80,翠峰林道6K,宜蘭縣,大同鄉,24.49773,121.568625
C0UB90,太平山莊,宜蘭縣,大同鄉,24.494171,121.536209
C0TA40,秀林,花蓮縣,秀林鄉,24.302863,121.731144
C0TA50,和仁,花蓮縣,秀林鄉,24.241394,121.712472
C0TA80,立霧山,花蓮縣,秀林鄉,24.183258,121.641899
C2M980,安和,嘉義縣,新港鄉,23.51377,120.31593
C2N170,茅港尾,臺南市,下營區,23.2061,120.2624
C2R980,竹田國中,屏東縣,竹田鄉,22.61532,120.52412
C2R990,泰武,屏東縣,泰武鄉,22.60686,120.69765
C2TA60,六十石,花蓮縣,富里鄉,23.22477,121.31861
C2TA70,赤科坪,花蓮縣,玉里鎮,23.39885,121.39168
C2UC10,出水溪,宜蘭縣,大同鄉,24.615822,121.652253
C2UC20,長嶺,宜蘭縣,員山鄉,24.70894,121.61162
C2E980,和興,苗栗縣,獅潭鄉,24.505319,120.923016
C2E990,新坪頂,苗栗縣,卓蘭鎮,24.30201,120.8574
C2H9Y0,松茗,南投縣,名間鄉,23.8167,120.650765
C2RA10,大新,屏東縣,內埔鄉,22.67558,120.57788
C2TA90,加納納,花蓮縣,瑞穗鄉,23.466421,121.359867
C2TB30,吉安,花蓮縣,吉安鄉,23.94538,121.54803
C2K290,崙內,雲林縣,土庫鎮,23.69525,120.35601
C2K300,鹿南,雲林縣,元長鄉,23.63855,120.3636
C2K250,崙背,雲林縣,崙背鄉,23.75553,120.31893
C2X060,下營,臺南市,下營區,23.226806,120.256291
81U950,茂安部落,宜蘭縣,大同鄉,24.533056,121.450556
81T1D0,鹽寮海岸,花蓮縣,壽豐鄉,23.892778,121.603889
C0TB40,崇德,花蓮縣,秀林鄉,24.166144,121.657414
C0SD20,富山,臺東縣,卑南鄉,22.822383,121.190825
C0SD30,東清國小,臺東縣,蘭嶼鄉,22.057128,121.564922
C0SD40,牛頭山,臺東縣,綠島鄉,22.676661,121.506944
C2M530,奮起湖,嘉義縣,竹崎鄉,23.493903,120.699253
C2M810,里佳,嘉義縣,阿里山鄉,23.389125,120.716647
C2C590,觀音,桃園市,觀音區,25.027072,121.153317
C2E430,南庄,苗栗縣,南庄鄉,24.601775,121.000214
C2H9W0,大坪頂農水,南投縣,埔里鎮,24.043122,120.932781
C2M920,朴子農改,嘉義縣,朴子市,23.469889,120.259383
C2F990,摩天嶺,臺中市,和平區,24.322458,120.936819
C2K610,草嶺石壁,雲林縣,古坑鄉,23.602469,120.707731
C2G980,田頭村,彰化縣,埤頭鄉,23.8263,120.444175
C2H9K0,屯原,南投縣,仁愛鄉,24.067969,121.209389
C2D730,寶山農場,新竹縣,寶山鄉,24.732444,120.976153
C2D720,關西工作站,新竹縣,關西鎮,24.757275,121.184792
C2M910,嘉義大學,嘉義市,東區,23.471325,120.485903
81S570,月眉國小,臺東縣,關山鎮,23.010004,121.148008
81V960,茂林國小,高雄市,茂林區,22.886245,120.664037
81V950,桃源區公所,高雄市,桃源區,23.159204,120.764326
81M820,澐水溫泉,嘉義縣,中埔鄉,23.374926,120.562406
81HB40,東埔吊橋,南投縣,信義鄉,23.561737,120.922408
81M810,瑞里國小,嘉義縣,梅山鄉,23.539612,120.66493
81M800,來吉國小,嘉義縣,阿里山鄉,23.53,120.74
467290,古坑,雲林縣,古坑鄉,23.633639,120.55188
CAUB50,國五S047K,宜蘭縣,羅東鎮,24.675456,121.79458
CAUB40,國五S041K,宜蘭縣,壯圍鄉,24.734764,121.78192
CAUB30,國五S031K,宜蘭縣,礁溪鄉,24.819144,121.78237
CAAD90,國五N013K,新北市,坪林區,24.947603,121.7055
CAAD80,國五N008K,新北市,石碇區,24.982411,121.66808
CAAD70,國五S006K,新北市,石碇區,24.989964,121.65697
CAAD60,國五S005K,新北市,石碇區,24.996414,121.65193
CAC770,國三N072K,桃園市,龍潭區,24.836391,121.19937
C2A650,火燒寮,新北市,平溪區,25.002719,121.74289
C2A660,瑞芳,新北市,瑞芳區,25.113169,121.80114
C2M620,瑞里,嘉義縣,梅山鄉,23.545133,120.67519
C2A560,福山,新北市,烏來區,24.776203,121.50281
C2A540,四堵,新北市,坪林區,24.8926,121.74573
C2A880,福隆,新北市,貢寮區,25.017842,121.94208
CAD020,國一N077K,新竹縣,湖口鄉,24.885,121.0889
CAD030,國一S082K,新竹縣,湖口鄉,24.87667,121.0467
CAD040,國一S088K,新竹縣,竹北市,24.84444,121.0214
CAD050,國一N094K,新竹市,東區,24.79778,121.0089
CAD060,國一S098K,新竹縣,寶山鄉,24.76056,120.9911
F1V850,六龜,高雄市,六龜區,23.0805,120.692997
F1V860,甲仙,高雄市,甲仙區,23.087497,120.575997
F1M710,二萬坪,嘉義縣,阿里山鄉,23.509597,120.79
CAL020,國一S262K,嘉義縣,民雄鄉,23.512333,120.403038
CAL030,國一N268K,嘉義縣,水上鄉,23.460833,120.375833
CAL040,國一N273K,嘉義縣,水上鄉,23.416666,120.355
CAN010,國一N288K,臺南市,新營區,23.30609,120.290033
CAN020,國一S306K,臺南市,麻豆區,23.152831,120.230558
CAN040,國一N323K,臺南市,永康區,23.011789,120.249453
CAP010,國一S342K,高雄市,路竹區,22.845555,120.295
CAP020,國一S346K,高雄市,岡山區,22.812222,120.314166
CAP030,國一N351K,高雄市,橋頭區,22.765833,120.328888
CAP040,國一N361K,高雄市,仁武區,22.680555,120.328611
CAL050,國三N279K,嘉義縣,大林鎮,23.596111,120.523333
CAL070,國三N295K,嘉義市,東區,23.468598,120.499369
CAL080,國三N303K,嘉義縣,中埔鄉,23.411969,120.452447
CAN060,國三S311K,臺南市,白河區,23.346388,120.438888
CAN070,國三S329K,臺南市,官田區,23.212777,120.355833
CAN080,國三N336K,臺南市,官田區,23.154722,120.345
CAN090,國三S342K,臺南市,善化區,23.106694,120.327528
CAN100,國三S366K,臺南市,關廟區,22.9077,120.3513
CAP060,國三S385K,高雄市,大樹區,22.767777,120.444444
CAQ020,國三S415K,屏東縣,竹田鄉,22.568,120.528
CAQ010,國三N425K,屏東縣,南州鄉,22.480277,120.531666
CAH030,茶改場竹圍站,南投縣,名間鄉,23.86008,120.6375
C1A750,石碇服務區,新北市,石碇區,25.00865,121.638017
C1A760,坪林交控,新北市,坪林區,24.942842,121.638556
C1E900,國一N128K,苗栗縣,頭屋鄉,24.560997,120.836
C1G9D0,國一S218K,彰化縣,埤頭鄉,23.890642,120.485117
C1H840,國三N238K,南投縣,名間鄉,23.841008,120.699575
C1O940,東山服務區,臺南市,東山區,23.286017,120.390378
CAC050,西濱S023K,桃園市,蘆竹區,25.11649,121.27551
CAD100,西濱N066K,新竹縣,新豐鄉,24.8956,120.9649
CAD110,西濱S082K,新竹市,香山區,24.751724,120.905028
CAE100,西濱N107K,苗栗縣,後龍鎮,24.5958,120.7394
CAE110,西濱S129K,苗栗縣,苑裡鎮,24.4472,120.6428
CAF100,西濱N151K,臺中市,清水區,24.275964,120.547681
CAG070,西濱S173K,彰化縣,鹿港鎮,24.1081,120.434576
CAG080,西濱S189K,彰化縣,芳苑鄉,23.987857,120.369607
CAG090,西濱N210K,彰化縣,大城鄉,23.843536,120.293236
CAJ030,西濱N222K,雲林縣,麥寮鄉,23.737734,120.256132
CAJ040,西濱S241K,雲林縣,口湖鄉,23.623426,120.172646
CAL090,西濱S257K,嘉義縣,東石鄉,23.502278,120.171861
CAL100,西濱S267K,嘉義縣,東石鄉,23.41613,120.162872
CAN110,西濱S280K,臺南市,北門區,23.3052,120.14891
CAN120,西濱N304K,臺南市,七股區,23.103439,120.086694
C0A770,科教館,臺北市,士林區,25.096356,121.516506
CAN130,水試所海水繁,臺南市,七股區,23.120802,120.079676
CAL110,布袋國中,嘉義縣,布袋鎮,23.35893,120.18026
CAG100,王功漁港,彰化縣,芳苑鄉,23.96824,120.32586
CAJ050,海口故事園區,雲林縣,口湖鄉,23.57543,120.14121
CAN140,六官養殖協會,臺南市,六甲區,23.22881,120.29962
CAQ030,崎峰國小,屏東縣,林邊鄉,22.42565,120.49521
C0G920,永靖,彰化縣,永靖鄉,23.924703,120.547533
C0UB00,淡大蘭陽校園,宜蘭縣,礁溪鄉,24.823239,121.730383
CAW010,東引,連江縣,東引鄉,26.358836,120.483631
C0UA80,大溪漁港,宜蘭縣,頭城鎮,24.941803,121.902956
C0UA90,石城,宜蘭縣,頭城鎮,24.980444,121.951214
C0AJ90,澳底,新北市,貢寮區,25.055192,121.925264
C0B040,大武崙,基隆市,安樂區,25.166678,121.706994
C0AJ20,野柳,新北市,萬里區,25.207031,121.690022
C0AJ30,淡水觀海,新北市,淡水區,25.184592,121.408617
C0C720,竹圍,桃園市,大園區,25.112694,121.239825
C0C730,中大臨海站,桃園市,新屋區,24.966128,121.008583
C0AJ40,石門,新北市,石門區,25.273672,121.6012
C0C740,觀音工業區,桃園市,觀音區,25.064767,121.114858
C0D670,海天一線,新竹市,北區,24.831989,120.914439
C0D680,香山濕地,新竹市,香山區,24.783583,120.914989
C0AJ50,水湳洞,新北市,瑞芳區,25.123697,121.862239
C0B050,八斗子,基隆市,中正區,25.144756,121.791672
C0D690,外湖,新竹縣,新豐鄉,24.917736,120.968711
C0E910,海埔,苗栗縣,後龍鎮,24.648769,120.772436
C0E920,通霄漁港,苗栗縣,通霄鎮,24.498589,120.673878
C0FA10,松柏,臺中市,大甲區,24.429117,120.617483
C0FA20,溫寮,臺中市,大安區,24.372178,120.583125
C0E930,龍鳳,苗栗縣,竹南鎮,24.700036,120.859128
C1U930,粉鳥林,宜蘭縣,蘇澳鎮,24.497089,121.842481
81D760,錦山國小,新竹縣,關西鎮,24.769203,121.225244
CAP070,高雄燈塔,高雄市,旗津區,22.614594,120.264679
C0FA30,梧棲,臺中市,梧棲區,24.256003,120.523381
C0R860,鼻頭,屏東縣,滿州鄉,22.1043,120.897883
C0R870,興海,屏東縣,滿州鄉,21.975177,120.843919
C0R880,後壁湖,屏東縣,恆春鎮,21.945666,120.745705
C0R890,山海,屏東縣,恆春鎮,21.987777,120.709119
C0R900,竹坑,屏東縣,車城鄉,22.13845,120.70215
C0R940,加祿堂,屏東縣,枋山鄉,22.336306,120.621722
C0N010,鯤鯓國小,臺南市,將軍區,23.187875,120.0889
C0R910,下寮,屏東縣,枋寮鄉,22.392861,120.55478
C0R920,塭仔,屏東縣,佳冬鄉,22.416933,120.519661
C0V900,汕尾,高雄市,林園區,22.478205,120.415136
C0V840,鳳鼻頭,高雄市,小港區,22.508275,120.359141
C0V850,蚵仔寮,高雄市,梓官區,22.725647,120.252675
C0V860,南寮,高雄市,彌陀區,22.761616,120.233925
C0V870,文安,高雄市,彌陀區,22.802525,120.216369
C0V880,興達,高雄市,茄萣區,22.877755,120.212747
C0N020,城西,臺南市,安南區,23.056805,120.095569
C0N030,四草,臺南市,安南區,23.023541,120.111633
C0N040,蘆竹溝,臺南市,北門區,23.234405,120.096125
C0V890,前鎮,高雄市,前鎮區,22.572152,120.311191
C0R850,林邊,屏東縣,林邊鄉,22.463447,120.533892
C0AJ60,六塊厝,新北市,淡水區,25.240002,121.448102
C0AJ70,田寮,新北市,三芝區,25.2698,121.488597
C0UB20,壯圍,宜蘭縣,壯圍鄉,24.735922,121.81625
C0U880,北關,宜蘭縣,頭城鎮,24.907222,121.873428
C0G950,防潮門,彰化縣,伸港鄉,24.183494,120.48713
C0FA40,臺中電廠,臺中市,龍井區,24.214641,120.490744
C0G960,福寶,彰化縣,福興鄉,24.044302,120.381361
C0G970,三豐,彰化縣,大城鄉,23.881975,120.289544
C0K600,箔子寮,雲林縣,口湖鄉,23.619744,120.140036
C0M880,好美里,嘉義縣,布袋鎮,23.336427,120.138033
C0AJ80,板橋,新北市,板橋區,25.0111,121.448716
C0B060,暖暖,基隆市,暖暖區,25.095742,121.7403
C0FA50,霧峰,臺中市,霧峰區,24.041897,120.699472
C0R930,萬丹,屏東縣,萬丹鄉,22.588475,120.485081
C0UB10,蘇澳,宜蘭縣,蘇澳鎮,24.596944,121.857089
C0D700,關西,新竹縣,關西鎮,24.797653,121.173239
81AJ30,華梵大學,新北市,石碇區,24.982222,121.690278
81AJ20,東山,新北市,汐止區,25.054444,121.696389
81T990,高山部落,花蓮縣,豐濱鄉,23.691944,121.549444
81T770,大豐,花蓮縣,光復鄉,23.607222,121.376111
81T760,富南部落,花蓮縣,富里鄉,23.133056,121.246667
C2W230,畜試所澎湖,澎湖縣,西嶼鄉,23.628342,119.513206
C0W180,七美,澎湖縣,七美鄉,23.219333,119.444892
C0W190,望安,澎湖縣,望安鄉,23.380564,119.494075
C0W200,湖西,澎湖縣,湖西鄉,23.596314,119.67275
C0W220,北竿,連江縣,北竿鄉,26.220358,119.974881
C2A920,富貴角,新北市,石門區,25.263783,121.56525
C2F860,梨山,臺中市,和平區,24.247522,121.24366
C2F000,大肚,臺中市,大肚區,24.15295,120.57211
81T1B0,和仁車站,花蓮縣,秀林鄉,24.236166,121.708898
81T1A0,崇德國小,花蓮縣,秀林鄉,24.161555,121.653037
467280,後龍,苗栗縣,造橋鄉,24.648563,120.831834
CAV280,國三S378K,高雄市,田寮區,22.825958,120.41551
CAN150,國一N315K,臺南市,新市區,23.0835,120.25189
CAV270,國一S336K,高雄市,路竹區,22.894167,120.27117
CAM900,國三S290K,嘉義縣,竹崎鄉,23.504106,120.49074
CAD710,國三N077K,新竹縣,關西鎮,24.797294,121.19003
CAC760,國一高架N063,桃園市,平鎮區,24.950281,121.19631
CAA990,國一N039K,新北市,泰山區,25.064433,121.38197
CAF980,國三N183K,臺中市,龍井區,24.193628,120.57031
CAF960,國三S175K,臺中市,沙鹿區,24.251494,120.58968
CAF950,國一N158K,臺中市,后里區,24.332372,120.71714
CAE560,國一S144K,苗栗縣,銅鑼鄉,24.437042,120.77821
C2N160,西拉雅風管處,臺南市,官田區,23.189481,120.335297
81V940,寶山部落,高雄市,桃源區,23.036563,120.708987
81S560,三和國小,臺東縣,太麻里鄉,22.67206,121.037516
81M790,麻竹湖步道,嘉義縣,番路鄉,23.403864,120.649071
81V930,竹林,高雄市,六龜區,23.107777,120.738611
81V920,新庄,高雄市,杉林區,22.982777,120.57
81S540,拉里吧,臺東縣,達仁鄉,22.479722,120.9125
81M780,文峰遊客中心,嘉義縣,竹崎鄉,23.5175,120.593333
81HB30,和雅茶園,南投縣,鹿谷鄉,23.702777,120.762222
81HB20,廬山國小,南投縣,仁愛鄉,24.035,121.186111
81F970,松茂部落,臺中市,和平區,24.2775,121.263333
81F960,梨山部落,臺中市,和平區,24.257222,121.259166
81D770,秀巒國小,新竹縣,尖石鄉,24.618333,121.285833
C1I230,九份二山,南投縣,國姓鄉,23.962025,120.845272
466940,基隆,基隆市,仁愛區,25.133314,121.740475
466900,淡水,新北市,淡水區,25.164889,121.448906
466881,新北,新北市,新店區,24.959207,121.525196
466930,陽明山,臺北市,北投區,25.162078,121.544547
466910,鞍部,臺北市,北投區,25.182586,121.529731
467571,新竹,新竹縣,竹北市,24.827853,121.014219
467490,臺中,臺中市,北區,24.145736,120.684075
467350,澎湖,澎湖縣,馬公市,23.565503,119.563094
467650,日月潭,南投縣,魚池鄉,23.881325,120.90805
467530,阿里山,嘉義縣,阿里山鄉,23.508208,120.813242
467550,玉山,南投縣,信義鄉,23.48718,120.95943
467480,嘉義,嘉義市,西區,23.495925,120.432906
467410,臺南,臺南市,中西區,22.99328,120.20492
467441,高雄,高雄市,楠梓區,22.730432,120.312516
467590,恆春,屏東縣,恆春鎮,22.003897,120.746339
467080,宜蘭,宜蘭縣,宜蘭市,24.763975,121.756528
466990,花蓮,花蓮縣,花蓮市,23.975128,121.613275
467610,成功,臺東縣,成功鎮,23.097486,121.373428
467660,臺東,臺東縣,臺東市,22.752211,121.154586
467540,大武,臺東縣,大武鄉,22.35572,120.90374
467620,蘭嶼,臺東縣,蘭嶼鄉,22.0369,121.55843
466950,彭佳嶼,基隆市,中正區,25.627975,122.079744
467300,東吉島,澎湖縣,望安鄉,23.25727,119.66762
467420,永康,臺南市,永康區,23.038386,120.2367
CAC040,拉拉山,桃園市,復興區,24.699317,121.427133
A0F010,武陵,臺中市,和平區,24.352825,121.308286
466920,臺北,臺北市,中正區,25.037658,121.514853
A0G720,彰師大,彰化縣,彰化市,24.081389,120.556667
A0Z080,合歡山,花蓮縣,秀林鄉,24.143186,121.284231
467990,馬祖,連江縣,南竿鄉,26.169467,119.923158
A0K420,麥寮,雲林縣,麥寮鄉,23.798783,120.217717
467050,新屋,桃園市,新屋區,25.006725,121.047492
A2K570,古坑(花),雲林縣,古坑鄉,23.63353,120.55239
467270,田中,彰化縣,田中鎮,23.873803,120.581286
C1AC50,關渡,臺北市,北投區,25.133486,121.469331
C0ACA0,新莊,新北市,新莊區,25.051478,121.446756
C0AG80,中和,新北市,中和區,24.991622,121.491792
C0A640,石碇,新北市,石碇區,24.993969,121.662917
C0AC80,文山,臺北市,文山區,25.00235,121.575728
C0A520,山佳,新北市,樹林區,24.974944,121.402008
C0A570,桶後,新北市,烏來區,24.848222,121.597992
C0AH50,林口,新北市,林口區,25.072181,121.380839
C0C480,桃園,桃園市,桃園區,24.992425,121.323172
C1C510,水尾,桃園市,楊梅區,24.940081,121.087161
C0C490,八德,桃園市,八德區,24.928708,121.283289
C1D400,鳥嘴山,新竹縣,尖石鄉,24.719092,121.283872
C0D430,峨眉,新竹縣,峨眉鄉,24.6905,121.017189
C1D410,白蘭,新竹縣,五峰鄉,24.579364,121.079947
C1D420,太閣南,新竹縣,五峰鄉,24.632808,121.160575
C1E480,鳳美,苗栗縣,南庄鄉,24.554803,121.034747
C2E520,大湖,苗栗縣,大湖鄉,24.414939,120.870872
C2E540,龍溪,苗栗縣,後龍鎮,24.606489,120.783933
C0E550,明德,苗栗縣,頭屋鄉,24.583486,120.885411
C0E590,通霄,苗栗縣,通霄鎮,24.471892,120.704622
C1E601,南勢,苗栗縣,後龍鎮,24.572486,120.734842
C0D480,打鐵坑,新竹縣,新埔鎮,24.849664,121.150789
C0D360,梅花,新竹縣,尖石鄉,24.678347,121.208558
C0E610,馬都安,苗栗縣,泰安鄉,24.451272,120.930192
C1F941,雪嶺,臺中市,和平區,24.280586,121.026642
C1E451,象鼻,苗栗縣,泰安鄉,24.368617,120.940228
C1E511,新開,苗栗縣,大湖鄉,24.347703,120.827019
C1E461,松安,苗栗縣,泰安鄉,24.397972,120.986022
C2F930,大甲,臺中市,大甲區,24.347667,120.640403
C0F850,東勢,臺中市,東勢區,24.246428,120.833047
C0F0B0,石岡,臺中市,石岡區,24.276061,120.777644
C1F911,新伯公,臺中市,東勢區,24.221361,120.841069
C1F891,稍來,臺中市,和平區,24.265689,121.001142
C1F871,上谷關,臺中市,和平區,24.203483,121.018644
C0H9C0,合歡山頂,南投縣,仁愛鄉,24.143442,121.272547
C1O850,環湖,臺南市,大內區,23.148617,120.418633
C1M400,菜瓜坪,嘉義縣,大埔鄉,23.25163,120.57636
C1O880,關山,臺南市,南化區,23.173397,120.594092
C1O921,楠西,臺南市,楠西區,23.183511,120.484083
C1M390,龍美,嘉義縣,番路鄉,23.406728,120.654417
C2M410,馬頭山,嘉義縣,大埔鄉,23.324361,120.582017
C0M850,表湖,嘉義縣,大埔鄉,23.241856,120.641658
C0O900,善化,臺南市,善化區,23.112883,120.297219
C2O810,曾文,臺南市,楠西區,23.219681,120.497328
C2O930,玉井,臺南市,玉井區,23.126042,120.46055
C1R120,上德文,屏東縣,三地門鄉,22.763272,120.704442
C1V390,尖山,高雄市,燕巢區,22.813153,120.367789
C0R590,里港,屏東縣,里港鄉,22.779194,120.494589
C1V340,大津,高雄市,六龜區,22.888322,120.645986
C1R110,口社,屏東縣,三地門鄉,22.770111,120.645222
C1N001,沙崙,臺南市,歸仁區,22.935472,120.309406
C1V231,高中,高雄市,桃源區,23.134911,120.716711
C1V220,小關山,高雄市,桃源區,23.154217,120.813603
C1V200,梅山,高雄市,桃源區,23.268447,120.823556
C1V190,南天池,高雄市,桃源區,23.274033,120.911764
C1V170,排雲,高雄市,桃源區,23.463619,120.954147
C1I440,新高口,南投縣,信義鄉,23.478744,120.878939
C1V160,達卡努瓦,高雄市,那瑪夏區,23.279811,120.705319
C0V370,古亭坑,高雄市,田寮區,22.893178,120.401947
C2V250,甲仙,高雄市,甲仙區,23.080106,120.591758
C0R220,潮州,屏東縣,潮州鎮,22.534361,120.54
C1H900,清流,南投縣,仁愛鄉,24.080775,120.962997
C1H920,長豐,南投縣,國姓鄉,24.102039,120.879897
C1H941,雙冬,南投縣,草屯鎮,23.967378,120.802189
C2H950,中寮,南投縣,中寮鄉,23.884447,120.766406
C0F970,大坑,臺中市,北屯區,24.173142,120.722289
C0G620,芬園,彰化縣,芬園鄉,24.015678,120.6213
C1H971,六分寮,南投縣,南投市,23.925069,120.637797
C0H960,草屯,南投縣,草屯鎮,23.973672,120.68085
C0H9A0,神木村,南投縣,信義鄉,23.532742,120.843667
C1I101,溪頭,南投縣,鹿谷鄉,23.661789,120.807647
C1G691,下水埔,彰化縣,溪州鄉,23.816114,120.5676
C0F9X0,大雅,臺中市,大雅區,24.215281,120.62445
C0G660,溪湖,彰化縣,溪湖鎮,23.94835,120.479122
C0I110,竹山,南投縣,竹山鎮,23.761225,120.688156
C2K240,草嶺,雲林縣,古坑鄉,23.59555,120.693461
C2I090,鳳凰,南投縣,鹿谷鄉,23.728081,120.787347
C2G640,鹿港,彰化縣,鹿港鎮,24.0753,120.430481
C1I030,武界,南投縣,仁愛鄉,23.913225,121.052483
C1H000,翠峰,南投縣,仁愛鄉,24.109397,121.205211
C1I020,萬大,南投縣,仁愛鄉,23.979817,121.132261
C1I070,和社,南投縣,信義鄉,23.591131,120.888861
C0I010,廬山,南投縣,仁愛鄉,24.033311,121.181808
C1X040,東原,臺南市,東山區,23.291597,120.463822
C0X290,北門,臺南市,北門區,23.267772,120.125481
C0M520,東後寮,嘉義縣,義竹鄉,23.369892,120.248047
C0X050,東河,臺南市,東山區,23.296581,120.385592
C1M480,獨立山,嘉義縣,竹崎鄉,23.537022,120.607797
C1I150,青雲,南投縣,信義鄉,23.793361,120.949378
C0K330,虎尾,雲林縣,虎尾鎮,23.719183,120.442036
C0K291,宜梧,雲林縣,口湖鄉,23.536267,120.169311
C0X080,佳里,臺南市,佳里區,23.173039,120.145086
C0A950,鼻頭角,新北市,瑞芳區,25.129036,121.923372
C0A860,大坪,新北市,萬里區,25.165914,121.632969
C0A870,五指山,新北市,汐止區,25.132153,121.608692
C0A890,雙溪,新北市,雙溪區,25.036003,121.864242
C0A931,三和,新北市,金山區,25.233153,121.595236
C0A940,金山,新北市,金山區,25.223628,121.643967
C1U670,寒溪,宜蘭縣,冬山鄉,24.634003,121.716908
C0U520,雙連埤,宜蘭縣,員山鄉,24.753033,121.641303
C0A970,三貂角,新北市,貢寮區,25.007606,122.002058
C0U600,礁溪,宜蘭縣,礁溪鄉,24.817539,121.765608
C0U650,玉蘭,宜蘭縣,大同鄉,24.675286,121.587061
C0U710,太平山,宜蘭縣,大同鄉,24.505486,121.525656
C1T810,慈恩,花蓮縣,秀林鄉,24.192044,121.388386
C1T800,洛韶,花蓮縣,秀林鄉,24.204558,121.453956
C1T980,龍澗,花蓮縣,秀林鄉,24.023289,121.411328
C1T920,中興,花蓮縣,壽豐鄉,23.769503,121.498653
C0T900,西林,花蓮縣,萬榮鄉,23.8119,121.441458
C1T940,大觀,花蓮縣,萬榮鄉,23.714206,121.373133
C1T950,太安,花蓮縣,萬榮鄉,23.666719,121.370128
C1T970,大農,花蓮縣,光復鄉,23.615233,121.413331
C1T830,布洛灣,花蓮縣,秀林鄉,24.171842,121.571269
C0T820,天祥,花蓮縣,秀林鄉,24.179597,121.495639
C0T870,鯉魚潭,花蓮縣,壽豐鄉,23.935639,121.508944
C0T960,光復,花蓮縣,光復鄉,23.660694,121.424964
C0S810,東河,臺東縣,東河鄉,22.972672,121.303986
C0S830,長濱,臺東縣,長濱鄉,23.286817,121.411975
C1T990,高寮,花蓮縣,玉里鎮,23.394239,121.356808
C0Z020,明里,花蓮縣,富里鄉,23.208717,121.262342
C1Z030,紅葉,花蓮縣,萬榮鄉,23.493119,121.338806
C1Z040,立山,花蓮縣,卓溪鄉,23.443356,121.327375
C1S670,摩天,臺東縣,海端鄉,23.199503,121.027
C0S700,知本,臺東縣,卑南鄉,22.684872,121.005644
C0S710,鹿野,臺東縣,鹿野鄉,22.917711,121.122994
C0T9M0,靜浦,花蓮縣,豐濱鄉,23.455167,121.495028
C0S730,綠島,臺東縣,綠島鄉,22.667203,121.475328
C0S740,池上,臺東縣,池上鄉,23.119628,121.209469
C0S750,向陽,臺東縣,海端鄉,23.248397,120.986133
C0Z050,佳心,花蓮縣,卓溪鄉,23.345667,121.213164
C0Z061,玉里,花蓮縣,玉里鎮,23.3215,121.339656
C0S770,大溪山,臺東縣,太麻里鄉,22.478475,120.943325
C0Z070,舞鶴,花蓮縣,瑞穗鄉,23.468114,121.374069
C1R250,力里,屏東縣,春日鄉,22.428117,120.629228
C0R280,檳榔,屏東縣,滿州鄉,22.076075,120.836794
C1S880,壽卡,臺東縣,達仁鄉,22.238911,120.858903
C0R320,車城,屏東縣,車城鄉,22.0744,120.716247
C0R350,貓鼻頭,屏東縣,恆春鎮,21.921689,120.735817
C0R270,琉球嶼,屏東縣,琉球鄉,22.332244,120.362236
C0A980,社子,臺北市,士林區,25.109508,121.469681
C0A9F0,內湖,臺北市,內湖區,25.079422,121.57545
C0AC70,信義,臺北市,信義區,25.037822,121.564597
C1R290,石門山,屏東縣,牡丹鄉,22.112611,120.756597
C0A550,泰平,新北市,雙溪區,24.971197,121.823711
C0AH00,汐止,新北市,汐止區,25.066881,121.658778
C0AC60,三峽,新北市,三峽區,24.939025,121.369728
C1A9N0,四十份,新北市,新店區,24.934158,121.593283
C0T9A0,月眉山,花蓮縣,壽豐鄉,23.809928,121.539828
C0T9B0,水源,花蓮縣,秀林鄉,23.991861,121.537169
C1E670,南礦,苗栗縣,南庄鄉,24.538278,121.002836
C2F9A0,中竹林,臺中市,太平區,24.103556,120.751061
C1F9J1,清水林,臺中市,太平區,24.071242,120.820419
C1F9B1,桐林,臺中市,霧峰區,24.066172,120.735194
C1F9C1,白冷,臺中市,和平區,24.182844,120.929889
C1F9D1,白毛台,臺中市,新社區,24.158325,120.886933
C1F9E1,龍安,臺中市,新社區,24.1605,120.831961
C1F9F1,伯公龍,臺中市,東勢區,24.272392,120.849047
C1E681,南勢山,苗栗縣,泰安鄉,24.421669,120.923831
C1E691,南湖,苗栗縣,大湖鄉,24.40135,120.837533
C1E701,八卦,苗栗縣,泰安鄉,24.491756,120.927619
C1E711,馬拉邦山,苗栗縣,大湖鄉,24.367306,120.901656
C1E721,泰安,苗栗縣,泰安鄉,24.489017,120.968036
C1F9G1,慶福山,臺中市,東勢區,24.180853,120.848378
C2FA00,烏石坑,臺中市,和平區,24.273503,120.947617
C1I201,中心崙,南投縣,竹山鎮,23.728722,120.712097
C1I211,蘆竹湳,南投縣,中寮鄉,23.934019,120.811994
C1I220,樟湖,南投縣,國姓鄉,23.905333,120.846983
C1I240,外大坪,南投縣,埔里鎮,23.958697,120.917931
C1I250,鯉潭,南投縣,埔里鎮,23.961922,120.991131
C1I260,北坑,南投縣,埔里鎮,23.9246,121.006903
C1I280,埔中,南投縣,名間鄉,23.820778,120.642594
C1I290,豐丘,南投縣,信義鄉,23.668178,120.887417
C1I310,西巒,南投縣,信義鄉,23.754486,120.883956
C1I320,奧萬大,南投縣,仁愛鄉,23.952956,121.178556
C1I330,楓樹林,南投縣,仁愛鄉,23.986803,121.076117
C1I340,新興橋,南投縣,信義鄉,23.563333,120.868728
C1M600,頭凍,嘉義縣,番路鄉,23.406364,120.603339
C1M610,石磐龍,嘉義縣,竹崎鄉,23.496606,120.663506
C1S800,華源,臺東縣,太麻里鄉,22.657883,121.02325
C0S840,南田,臺東縣,達仁鄉,22.279725,120.889208
C0S790,金崙,臺東縣,太麻里鄉,22.538122,120.966875
C1S820,金峰,臺東縣,金峰鄉,22.590969,120.933236
C0T9G0,鳳林山,花蓮縣,鳳林鎮,23.735269,121.420131
C0T9E0,大坑,花蓮縣,壽豐鄉,23.880628,121.581981
C0T9H0,加路蘭山,花蓮縣,豐濱鄉,23.682947,121.5274
C0T9I0,豐濱,花蓮縣,豐濱鄉,23.583897,121.514806
C0T9F0,水璉,花蓮縣,壽豐鄉,23.797131,121.542514
C0T9D0,和中,花蓮縣,秀林鄉,24.266761,121.741031
C0U760,東澳,宜蘭縣,南澳鄉,24.521958,121.833175
C0U770,南澳,宜蘭縣,南澳鄉,24.449347,121.810219
C0AC40,大屯山,臺北市,北投區,25.175675,121.522408
C0F9I0,神岡,臺中市,神岡區,24.272481,120.658314
A1A9S0,湖田國小,臺北市,北投區,25.168595,121.538915
A1A9T0,大屯國小,臺北市,北投區,25.154997,121.503915
A1A9U0,桃源國中,臺北市,北投區,25.134398,121.476914
A1A9V0,北投國小,臺北市,北投區,25.133897,121.498913
A1A9W0,陽明高中,臺北市,士林區,25.092496,121.51671
A1A9X0,太平國小,臺北市,大同區,25.061696,121.511708
A1A9Y0,民生國中,臺北市,松山區,25.059693,121.566707
A1A9Z0,中正國中,臺北市,中正區,25.031696,121.521906
A1AA00,三興國小,臺北市,信義區,25.029194,121.558106
A1AA10,格致國中,臺北市,士林區,25.131395,121.545613
A1AA20,平等國小,臺北市,士林區,25.129193,121.576412
A1AA30,至善國中,臺北市,士林區,25.103294,121.555611
A1AA40,碧湖國小,臺北市,內湖區,25.084692,121.591709
A1AA50,東湖國小,臺北市,內湖區,25.069191,121.615007
A1AA60,留公國中,臺北市,信義區,25.037192,121.585606
A1AA70,舊莊國小,臺北市,南港區,25.039991,121.619405
A1AA80,市政中心,臺北市,信義區,25.038894,121.556406
A1AA90,博嘉國小,臺北市,文山區,25.002193,121.575304
A1AB00,北政國中,臺北市,文山區,24.984393,121.577502
A1AB10,埤腹,臺北市,文山區,24.986395,121.545303
A1AB20,雙園,臺北市,萬華區,25.030298,121.490307
A1AB30,中洲,臺北市,士林區,25.105298,121.474712
A1AB40,玉成,臺北市,南港區,25.052193,121.582507
A1AB50,建國,臺北市,中山區,25.072195,121.528909
A1AB60,福德,臺北市,士林區,25.099395,121.528911
A1AB70,奇岩,臺北市,北投區,25.123897,121.503113
A1AB80,雙溪,臺北市,士林區,25.113593,121.569411
01C400,石門後池,桃園市,龍潭區,24.824459,121.25144
01A210,大豹,新北市,三峽區,24.887277,121.421373
01A440,大桶山,新北市,烏來區,24.876212,121.562992
01A450,坪林(4),新北市,坪林區,24.936401,121.710339
01A410,中正橋,臺北市,中正區,25.021931,121.516401
01B030,五堵,基隆市,七堵區,25.079005,121.696626
01A420,竹子湖,臺北市,士林區,25.162299,121.54405
01A190,碧湖,新北市,坪林區,24.890886,121.745559
01A130,石碇(2),新北市,石碇區,24.991596,121.657883
01A220,三峽,新北市,三峽區,24.938878,121.355555
01A380,瑞芳(2),新北市,瑞芳區,25.110338,121.803301
01A200,火燒寮,新北市,平溪區,24.981089,121.749275
01AG10,熊空山,新北市,三峽區,24.87561,121.451992
01AG00,社后橋,新北市,汐止區,25.063288,121.633793
01AF90,三貂嶺,新北市,瑞芳區,25.059541,121.820556
01A350,富貴角,新北市,石門區,25.288486,121.544109
21C140,霞雲,桃園市,復興區,24.798205,121.358193
21C080,高義,桃園市,復興區,24.714905,121.358188
21D150,玉峰,新竹縣,尖石鄉,24.664908,121.308185
21C070,巴陵,桃園市,復興區,24.681503,121.391485
21U110,池端,宜蘭縣,大同鄉,24.631499,121.474881
21C090,嘎拉賀,桃園市,復興區,24.631502,121.408182
21D160,白石,新竹縣,尖石鄉,24.548212,121.224879
21D170,鎮西堡,新竹縣,尖石鄉,24.564908,121.308179
21D350,西丘斯山,新竹縣,尖石鄉,24.581505,121.358179
L1A840,太平,新北市,雙溪區,24.971779,121.828198
L1A800,碧湖,新北市,坪林區,24.892584,121.745694
L1A830,坪林,新北市,坪林區,24.936785,121.713797
L1A810,九芎根,新北市,石碇區,24.902389,121.649896
L1A820,十三股,新北市,石碇區,24.943989,121.649599
L1A790,翡翠,新北市,新店區,24.907093,121.580097
C1U501,牛鬥,宜蘭縣,大同鄉,24.637836,121.573656
C0S760,紅石,臺東縣,海端鄉,23.069131,121.126219
C0D590,新豐,新竹縣,新豐鄉,24.870678,120.977211
C0C460,復興,桃園市,復興區,24.820208,121.352281
C0D540,橫山,新竹縣,橫山鄉,24.711158,121.116933
C0C670,龍潭,桃園市,龍潭區,24.870056,121.221389
C0D550,雪霸,新竹縣,五峰鄉,24.526972,121.11605
C0D560,竹東,新竹縣,竹東鎮,24.767147,121.057881
C0C620,蘆竹,桃園市,蘆竹區,25.084275,121.265767
A1AD70,茶製場,臺北市,南港區,25.028388,121.663304
A1AC60,九如里,臺北市,南港區,25.032491,121.611605
A1AD30,安泰里,臺北市,內湖區,25.087591,121.613109
A1AC90,溪山里,臺北市,士林區,25.136892,121.588912
A1AC80,明德樂園,臺北市,士林區,25.113693,121.565711
A1AD00,菁山里,臺北市,士林區,25.143993,121.566013
A1AD10,擎天崗,臺北市,士林區,25.163293,121.568014
A1AD80,貴子坑,臺北市,北投區,25.155898,121.489815
A1AD50,劍南路,臺北市,中山區,25.089894,121.55131
A1AD20,竹子湖,臺北市,北投區,25.168295,121.528315
A1AD40,小油坑,臺北市,北投區,25.180294,121.548816
A1AC70,挹翠山莊,臺北市,信義區,25.017093,121.574405
A1AD60,貓空,臺北市,文山區,24.968892,121.595301
C0C650,平鎮,桃園市,平鎮區,24.897503,121.214636
C0C630,大溪,桃園市,大溪區,24.882853,121.265547
C0C680,龜山,桃園市,龜山區,25.028458,121.386561
C0D580,寶山,新竹縣,寶山鄉,24.735006,121.025192
C0E730,頭份,苗栗縣,頭份市,24.688247,120.912206
88C690,蘇樂,桃園市,復興區,24.700595,121.356813
C0AD10,八里,新北市,八里區,25.150211,121.403947
C0AD30,蘆洲,新北市,蘆洲區,25.086594,121.472331
C0AD40,土城,新北市,土城區,24.973208,121.445169
C0AD50,鶯歌,新北市,鶯歌區,24.951533,121.346294
C0V490,新興,高雄市,新興區,22.627422,120.298803
C0U780,五結,宜蘭縣,五結鄉,24.686369,121.797944
C1U850,觀音海岸,宜蘭縣,南澳鄉,24.383194,121.778556
C1U840,東澳嶺,宜蘭縣,南澳鄉,24.5378,121.8485
A1AG40,四獸山,臺北市,信義區,25.029293,121.582905
A1AG60,福州山,臺北市,大安區,25.016894,121.554305
A1AG80,金面山,臺北市,內湖區,25.094893,121.56991
A1AG20,大湖里,臺北市,內湖區,25.096391,121.604109
A1AG30,稻香里,臺北市,北投區,25.147998,121.483915
A1AG50,劍潭山,臺北市,中山區,25.083096,121.52841
A1AG70,仙跡岩,臺北市,文山區,24.989295,121.543203
C0E820,獅潭,苗栗縣,獅潭鄉,24.539133,120.920042
C1D630,飛鳳山,新竹縣,芎林鄉,24.766464,121.119178
C1D640,外坪五指,新竹縣,北埔鄉,24.644447,121.090961
C0E791,卓蘭,苗栗縣,卓蘭鎮,24.312558,120.824361
C1E770,公館,苗栗縣,公館鄉,24.526914,120.830806
C0E830,苑裡,苗栗縣,苑裡鎮,24.439714,120.653053
C0E740,造橋,苗栗縣,造橋鄉,24.637056,120.864778
C0E750,苗栗,苗栗縣,苗栗市,24.564569,120.824575
C0E780,銅鑼,苗栗縣,銅鑼鄉,24.489681,120.790853
C0E810,西湖,苗栗縣,西湖鄉,24.562947,120.7485
C0G770,福興,彰化縣,福興鄉,24.041289,120.437669
C0G780,秀水,彰化縣,秀水鄉,24.03405,120.503869
C0G800,埔鹽,彰化縣,埔鹽鄉,24.000394,120.431683
C0G810,埔心,彰化縣,埔心鄉,23.947633,120.525456
C0G820,田尾,彰化縣,田尾鄉,23.901669,120.509389
C0G830,埤頭,彰化縣,埤頭鄉,23.866003,120.452806
C2G840,北斗,彰化縣,北斗鎮,23.877586,120.514222
C0G860,社頭,彰化縣,社頭鄉,23.897647,120.5862
C0G880,二水,彰化縣,二水鄉,23.810742,120.6173
C2G870,芳苑,彰化縣,芳苑鄉,23.922303,120.320025
C0G890,伸港,彰化縣,伸港鄉,24.148933,120.484403
C1F9W0,德基,臺中市,和平區,24.254783,121.190261
C0F9N0,大里,臺中市,大里區,24.092464,120.701378
C0F9S0,烏日,臺中市,烏日區,24.107058,120.624103
C0F9T0,西屯,臺中市,西屯區,24.179494,120.641275
C0F9U0,南屯,臺中市,南屯區,24.137006,120.637969
C0F9K0,大安,臺中市,大安區,24.345061,120.588025
C0F9L0,后里,臺中市,后里區,24.310436,120.729725
C0F9M0,豐原,臺中市,豐原區,24.254322,120.720692
C0F9O0,潭子,臺中市,潭子區,24.213106,120.703933
C0F9P0,清水,臺中市,清水區,24.312297,120.562242
C0F9Q0,外埔,臺中市,外埔區,24.347817,120.705686
C0F9R0,龍井,臺中市,龍井區,24.184536,120.528972
C0F9V0,新社,臺中市,新社區,24.200172,120.815806
C1S860,利嘉,臺東縣,卑南鄉,22.809417,121.050528
C1S870,南美山,臺東縣,成功鎮,23.15025,121.382333
C0Z080,富源,花蓮縣,光復鄉,23.587642,121.378225
C1S850,豐南,花蓮縣,富里鄉,23.122139,121.262389
C0R440,大漢山,屏東縣,春日鄉,22.405264,120.753181
88O950,羌黃坑,臺南市,南化區,23.07211,120.536955
88V560,集來,高雄市,杉林區,23.028691,120.592901
88R460,來義,屏東縣,來義鄉,22.525964,120.676125
88H890,南豐,南投縣,仁愛鄉,24.017338,121.088627
C1V580,溪南(特),高雄市,桃源區,23.084972,120.788475
C1V570,吉東,高雄市,美濃區,22.854222,120.5454
C0X200,左鎮,臺南市,左鎮區,23.056758,120.408522
C0V740,旗山,高雄市,旗山區,22.888614,120.483597
C0V750,路竹,高雄市,路竹區,22.854997,120.259439
C0V760,橋頭,高雄市,橋頭區,22.757806,120.30575
C0V770,大社,高雄市,大社區,22.730306,120.346639
C0V730,大寮,高雄市,大寮區,22.605614,120.395717
C0R570,麟洛,屏東縣,麟洛鄉,22.650775,120.527192
C0R580,南州,屏東縣,南州鄉,22.485911,120.502736
C0X120,麻豆,臺南市,麻豆區,23.183289,120.248611
C0X130,官田,臺南市,官田區,23.193217,120.315422
C0X140,西港,臺南市,西港區,23.125608,120.203108
C0X150,安定,臺南市,安定區,23.102614,120.227839
C0X180,山上,臺南市,山上區,23.0757,120.363253
C0X160,仁德,臺南市,仁德區,22.968258,120.257689
C0X170,關廟,臺南市,關廟區,22.963017,120.327797
C0X110,臺南市南區,臺南市,南區,22.961189,120.188378
C0X100,臺南市北區,臺南市,北區,23.010394,120.194228
C0X190,安平,臺南市,安平區,22.993161,120.152181
C0V630,茄萣,高雄市,茄萣區,22.906642,120.182608
C0V640,湖內,高雄市,湖內區,22.887139,120.2445
C0V620,永安,高雄市,永安區,22.82315,120.236856
C0V660,岡山,高雄市,岡山區,22.797078,120.294958
C0V650,彌陀,高雄市,彌陀區,22.783806,120.246361
C0V610,梓官,高雄市,梓官區,22.760558,120.267211
C0V680,仁武,高雄市,仁武區,22.701083,120.347722
C0V690,鼓山,高雄市,鼓山區,22.623325,120.275575
C0V700,三民,高雄市,三民區,22.645017,120.311233
C0V710,苓雅,高雄市,苓雅區,22.622742,120.330669
C0V720,林園,高雄市,林園區,22.507747,120.394511
C0R490,九如,屏東縣,九如鄉,22.7405,120.490503
C0R470,高樹,屏東縣,高樹鄉,22.826389,120.600806
C0R480,長治,屏東縣,長治鄉,22.693128,120.542622
C0R560,新園,屏東縣,新園鄉,22.5434,120.461558
C0R520,崁頂,屏東縣,崁頂鄉,22.514781,120.506914
C0R550,新埤,屏東縣,新埤鄉,22.467947,120.582894
C0R540,佳冬,屏東縣,佳冬鄉,22.419456,120.552375
C0R190,赤山,屏東縣,萬巒鄉,22.592333,120.614306
C0V440,鳳山,高雄市,鳳山區,22.646653,120.356122
C0O970,虎頭埤,臺南市,新化區,23.021375,120.347878
C0O990,媽廟,臺南市,歸仁區,22.99175,120.293525
C0O960,崎頂,臺南市,龍崎區,22.959547,120.369317
C0V530,阿蓮,高雄市,阿蓮區,22.883208,120.327508
C2O950,安南,臺南市,安南區,23.076694,120.144861
C0O980,新市,臺南市,新市區,23.061614,120.298197
C0O830,北寮,臺南市,南化區,23.079561,120.495008
C2V260,月眉,高雄市,杉林區,22.971003,120.539853
C0V210,復興,高雄市,桃源區,23.222403,120.806089
C0O840,王爺宮,臺南市,六甲區,23.222064,120.40085
C0O860,大內,臺南市,大內區,23.118847,120.360833
C0R130,阿禮,屏東縣,霧臺鄉,22.742908,120.743678
C0R140,瑪家,屏東縣,瑪家鄉,22.682903,120.686639
C0V350,溪埔,高雄市,大樹區,22.738578,120.446797
C0V400,阿公店,高雄市,燕巢區,22.804194,120.355528
C0V360,內門,高雄市,內門區,22.975481,120.466769
C0R160,鹽埔,屏東縣,鹽埔鄉,22.739558,120.530778
C0V450,鳳森,高雄市,小港區,22.545064,120.392592
C1V780,多納林道,高雄市,茂林區,22.888028,120.737917
C0R600,舊泰武,屏東縣,泰武鄉,22.588194,120.664944
C0V790,萬山,高雄市,茂林區,22.905944,120.688056
C0V800,六龜,高雄市,六龜區,22.997889,120.633583
C0C660,楊梅,桃園市,楊梅區,24.912375,121.143047
C0D650,湖口,新竹縣,湖口鄉,24.904794,121.043628
C0AH10,永和,新北市,永和區,25.01125,121.508111
C0Z100,東華,花蓮縣,壽豐鄉,23.89525,121.549833
C0D660,新竹市東區,新竹市,東區,24.798681,120.986942
21C050,石門,桃園市,龍潭區,24.809322,121.248473
NUP460,平溪旅遊,新北市,平溪區,25.048418,121.773797
NUP490,復興國小,基隆市,七堵區,25.109012,121.657791
01C570,龍壽社區,桃園市,龜山區,25.010105,121.387637
NUP810,員山子,新北市,瑞芳區,25.108056,121.814722
O1F390,雙崎(2),臺中市,和平區,24.292326,120.910107
O1H540,龍神橋,南投縣,水里鄉,23.779975,120.871686
00H710,集集(2),南投縣,集集鎮,23.826281,120.774892
00H810,惠蓀(2),南投縣,仁愛鄉,24.090736,121.032224
O1J810,北港(2),雲林縣,北港鎮,23.577934,120.301903
O1P470,旗山(4),高雄市,旗山區,22.879521,120.481673
00Q070,屏東(5),屏東縣,屏東市,22.654873,120.466375
O1S120,鹿鳴橋,臺東縣,鹿野鄉,22.898621,121.086481
01D110,清泉,新竹縣,五峰鄉,24.573125,121.10352
01D180,梅花,新竹縣,尖石鄉,24.677573,121.208601
01D300,關西(3),新竹縣,關西鎮,24.780225,121.180437
01D310,新埔(1),新竹縣,新埔鎮,24.829422,121.071412
01E030,橫龍山,苗栗縣,泰安鄉,24.469909,120.968785
01E060,象鼻(1),苗栗縣,泰安鄉,24.36042,120.948417
01E080,松安,苗栗縣,泰安鄉,24.397796,120.986018
01E120,大埔,苗栗縣,竹南鎮,24.709464,120.898219
01E170,南庄(1),苗栗縣,南庄鄉,24.597043,121.00036
01E230,卓蘭(2),臺中市,東勢區,24.30505,120.813208
01E240,珊珠湖,苗栗縣,頭份市,24.687014,120.960275
01E270,大湖(1),苗栗縣,大湖鄉,24.42364,120.869835
01E290,三義(2),苗栗縣,三義鄉,24.414244,120.77003
01E310,南勢山,苗栗縣,後龍鎮,24.588003,120.735306
01E330,大坪頂,苗栗縣,通霄鎮,24.425484,120.727759
01E370,和興,苗栗縣,獅潭鄉,24.528034,120.913109
01E400,三灣,苗栗縣,三灣鄉,24.655722,120.955306
01E390,大潭,苗栗縣,造橋鄉,24.635269,120.820796
01F350,雪嶺,臺中市,和平區,24.279567,121.02549
01F680,頭汴坑,臺中市,太平區,24.115092,120.811125
01G090,頭汴,彰化縣,鹿港鎮,24.085275,120.484036
01G240,萬興(2),彰化縣,二林鎮,23.955381,120.416991
01H110,桶頭(2),南投縣,竹山鎮,23.644646,120.657625
01H210,翠巒,南投縣,仁愛鄉,24.182576,121.203514
01H310,翠峰,南投縣,仁愛鄉,24.106999,121.199288
01H390,望鄉,南投縣,信義鄉,23.619266,120.927817
01H400,東埔,南投縣,信義鄉,23.561831,120.928349
01H470,西巒,南投縣,信義鄉,23.710574,120.917657
01H590,六分寮,南投縣,南投市,23.926186,120.63801
01H630,草屯(4),南投縣,草屯鎮,23.972525,120.678996
01H680,北山(2),南投縣,國姓鄉,23.985549,120.892835
01H720,清流(1),南投縣,仁愛鄉,24.066314,120.953395
01H780,內茅埔(2),南投縣,信義鄉,23.6906,120.851828
01J100,西螺(2),雲林縣,西螺鎮,23.800493,120.464851
01J930,林內(1),雲林縣,林內鄉,23.755254,120.612491
01J960,大埔,雲林縣,古坑鄉,23.630394,120.615417
01J970,草嶺(2),雲林縣,古坑鄉,23.584167,120.695634
01K060,褒忠(2),雲林縣,褒忠鄉,23.701086,120.311047
01L360,小公田(2),嘉義縣,番路鄉,23.424513,120.641716
01L390,大湖山,嘉義縣,番路鄉,23.475173,120.620189
01L480,樟腦寮(2),嘉義縣,竹崎鄉,23.533049,120.602587
01L490,沙坑,嘉義縣,竹崎鄉,23.530321,120.520569
01L910,中坑(3),嘉義縣,大林鎮,23.570458,120.520964
01M010,溪口(3),嘉義縣,溪口鄉,23.587551,120.40001
01N850,南化(2),臺南市,南化區,23.044518,120.479345
01N860,崎頂,臺南市,龍崎區,22.964938,120.359823
01O070,關子嶺(2),臺南市,白河區,23.330882,120.506972
01O080,六溪,臺南市,白河區,23.309037,120.459288
01O190,東原,臺南市,東山區,23.265355,120.445893
01O200,北寮,臺南市,東山區,23.290374,120.496384
01O710,虎頭埤,臺南市,新化區,23.025684,120.337183
01O750,王爺宮,臺南市,六甲區,23.222178,120.400432
01O760,關山,臺南市,南化區,23.173338,120.595163
01P190,木柵,高雄市,內門區,22.975659,120.467014
01P280,古亭坑,高雄市,田寮區,22.892785,120.404543
01P390,金山,高雄市,燕巢區,22.811862,120.398164
01P500,阿蓮(2),高雄市,阿蓮區,22.876332,120.327203
01P660,甲仙(2),高雄市,甲仙區,23.083884,120.58767
01P770,美濃(2),高雄市,美濃區,22.892969,120.540195
01Q350,新來義,屏東縣,來義鄉,22.526997,120.678346
01Q360,南和,屏東縣,來義鄉,22.434551,120.638399
01Q610,古夏,屏東縣,三地門鄉,22.76625,120.64444
01Q860,牡丹,屏東縣,牡丹鄉,22.175595,120.836703
01Q920,新瑪家,屏東縣,瑪家鄉,22.675384,120.686784
01Q930,三地門,屏東縣,瑪家鄉,22.708369,120.649251
01R000,壽卡,屏東縣,獅子鄉,22.245154,120.835687
01R030,大漢山,屏東縣,春日鄉,22.419298,120.683098
01R040,士文,屏東縣,春日鄉,22.368323,120.663618
01R440,泗林,屏東縣,潮州鎮,22.545635,120.569592
O1R450,新豐(1),屏東縣,高樹鄉,22.855418,120.617155
01S130,武陵,臺東縣,延平鄉,22.969742,121.11534
01S210,知本(5),臺東縣,卑南鄉,22.690878,120.99909
01S260,忠勇,臺東縣,長濱鄉,23.325933,121.439636
01S270,樟原(1),臺東縣,長濱鄉,23.403797,121.459474
01S360,紹家,臺東縣,達仁鄉,22.379592,120.858181
01S430,霧鹿,臺東縣,海端鄉,23.169246,121.041436
01S440,新武(3),臺東縣,海端鄉,23.132568,121.122873
01S470,向陽(2),臺東縣,海端鄉,23.247932,120.985899
01S560,南鵝,臺東縣,卑南鄉,22.766264,121.024368
01S570,上里,臺東縣,延平鄉,22.877254,121.057045
01S610,台東(7),臺東縣,臺東市,22.753496,121.158652
01S860,電光,臺東縣,關山鎮,23.006248,121.173241
01S870,北源,臺東縣,東河鄉,23.037536,121.301007
01T220,卓麓(4),花蓮縣,卓溪鄉,23.295556,121.266944
01T230,立山,花蓮縣,卓溪鄉,23.430078,121.312632
01T500,北埔,花蓮縣,新城鄉,24.037079,121.604462
01T560,西林,花蓮縣,萬榮鄉,23.819214,121.432069
01T670,新東礦,花蓮縣,萬榮鄉,23.814841,121.403464
01T720,明里,花蓮縣,富里鄉,23.202324,121.25167
01T730,豐濱,花蓮縣,豐濱鄉,23.602442,121.520492
01T9J0,六十石山,花蓮縣,富里鄉,23.217557,121.32297
01T9L0,東富,花蓮縣,光復鄉,23.684836,121.482088
01U050,土場(1),宜蘭縣,大同鄉,24.572873,121.49644
01U060,梵梵(2),宜蘭縣,大同鄉,24.613062,121.525585
01U070,留茂安,宜蘭縣,大同鄉,24.531772,121.451236
01U080,南山,宜蘭縣,大同鄉,24.437089,121.379327
01U120,新寮(1),宜蘭縣,冬山鄉,24.624996,121.751929
01U130,冬山,宜蘭縣,冬山鄉,24.635687,121.783933
01U190,新北城,宜蘭縣,冬山鄉,24.680903,121.748775
01U230,大濁水,宜蘭縣,南澳鄉,24.329422,121.739594
01U450,樟林,宜蘭縣,南澳鄉,24.42585,121.749405
01U460,五峰,宜蘭縣,礁溪鄉,24.829997,121.748477
01U470,武塔,宜蘭縣,南澳鄉,24.449458,121.77722
01U560,太平山(1),宜蘭縣,大同鄉,24.494522,121.536435
01U780,四季,宜蘭縣,大同鄉,24.488418,121.426136
01U790,清水,宜蘭縣,大同鄉,24.614906,121.637272
01V040,六龜(4),高雄市,六龜區,22.997838,120.633563
01V060,梅山(2),高雄市,桃源區,23.265549,120.824866
01V070,天池,高雄市,桃源區,23.277581,120.916901
01W010,望安,澎湖縣,望安鄉,23.360891,119.500614
O1D570,新城國小,新竹縣,寶山鄉,24.73339,120.967392
O1D580,內湖國小,新竹市,香山區,24.742156,120.906944
O1D590,成德中學,新竹市,北區,24.789844,120.952712
O1R620,新庄國小,屏東縣,萬丹鄉,22.560122,120.488328
O1S650,利吉國小,臺東縣,卑南鄉,22.838676,121.139022
O1S660,賓茂國小,臺東縣,太麻里鄉,22.532409,120.954393
O1S680,金針山,臺東縣,金峰鄉,22.642801,120.952564
O1S690,神山,屏東縣,霧臺鄉,22.748999,120.728297
O1T800,奇美國小,花蓮縣,瑞穗鄉,23.496927,121.445929
O1T810,卓清國小,花蓮縣,卓溪鄉,23.278428,121.271983
O1T820,太平國小,花蓮縣,卓溪鄉,23.405748,121.320127
O1V510,寶山,高雄市,桃源區,23.036624,120.708888
O1V520,民權,高雄市,那瑪夏區,23.240357,120.696723
O1V540,高中(2),高雄市,六龜區,23.110591,120.703273
O1V550,多納(1),高雄市,茂林區,22.910218,120.716048
O1V810,溝坪,高雄市,內門區,22.990682,120.509017
O1V820,圓富國中,高雄市,旗山區,22.926574,120.509127
O1AH20,上林國小,新北市,雙溪區,25.029351,121.832514
O1AH30,吉林國小,新北市,貢寮區,24.985827,121.887489
O1M640,豐山,嘉義縣,阿里山鄉,23.574615,120.746747
O1M650,外來吉,嘉義縣,阿里山鄉,23.529649,120.739968
O1I360,楠溪,南投縣,信義鄉,23.472849,120.907956
O1R630,崁頂,屏東縣,崁頂鄉,22.513226,120.511111
88T830,和中,花蓮縣,秀林鄉,24.270832,121.741801
81AH40,精忠,新北市,新店區,24.959713,121.53208
81D600,五峰國小,新竹縣,五峰鄉,24.631479,121.117585
81U860,金岳國小,宜蘭縣,南澳鄉,24.47039,121.777318
81U870,樂水分校,宜蘭縣,大同鄉,24.600282,121.529309
81M660,阿里山國小,嘉義縣,阿里山鄉,23.469067,120.701672
81M670,新美國小,嘉義縣,阿里山鄉,23.337816,120.683124
81O960,崁頭山,臺南市,東山區,23.267835,120.501621
81V820,建山國小,高雄市,桃源區,23.105439,120.682922
81R640,佳義國小,屏東縣,瑪家鄉,22.653117,120.630973
81R650,丹路國小,屏東縣,獅子鄉,22.203384,120.751358
81S880,愛國埔分校,臺東縣,大武鄉,22.457746,120.922713
81S890,初鹿國中,臺東縣,卑南鄉,22.849954,121.092326
81S900,加拿國小,臺東縣,鹿野鄉,23.001003,121.130944
81S910,膽曼,臺東縣,長濱鄉,23.224869,121.412806
C1I400,凌霄,南投縣,仁愛鄉,24.018778,121.004456
C0I370,魚池,南投縣,魚池鄉,23.895703,120.94135
C0I420,國姓,南投縣,國姓鄉,24.037803,120.855072
C1I430,翠華,南投縣,仁愛鄉,24.191961,121.224339
C0I390,仁愛,南投縣,仁愛鄉,24.022122,121.132206
C0I360,水里,南投縣,水里鄉,23.812553,120.849792
C0I380,集集,南投縣,集集鎮,23.828206,120.801467
C0I410,名間,南投縣,名間鄉,23.837053,120.701447
C0G730,二林,彰化縣,二林鎮,23.903319,120.376069
C0X210,白河,臺南市,白河區,23.347467,120.414428
C0M720,番路,嘉義縣,番路鄉,23.464644,120.554144
C0X250,新營,臺南市,新營區,23.310694,120.316681
C0X280,將軍,臺南市,將軍區,23.214972,120.135761
C0K430,褒忠,雲林縣,褒忠鄉,23.690928,120.303619
C0M660,溪口,嘉義縣,溪口鄉,23.604119,120.403556
C0K440,二崙,雲林縣,二崙鄉,23.772797,120.408944
C0M700,竹崎,嘉義縣,竹崎鄉,23.526167,120.555497
C0M640,中埔,嘉義縣,中埔鄉,23.425381,120.522903
C0X230,鹽水,臺南市,鹽水區,23.272603,120.247622
C0X220,學甲,臺南市,學甲區,23.230347,120.182167
C0X260,後壁,臺南市,後壁區,23.366342,120.362306
C0K420,西螺,雲林縣,西螺鎮,23.8004,120.467383
C0K390,土庫,雲林縣,土庫鎮,23.679019,120.395561
C0M670,大林,嘉義縣,大林鎮,23.600606,120.458397
C0M710,東石,嘉義縣,東石鄉,23.458911,120.153831
C0M690,水上,嘉義縣,水上鄉,23.419719,120.388894
C0M730,嘉義市東區,嘉義市,東區,23.457656,120.460517
C0X240,關子嶺,臺南市,白河區,23.331169,120.508025
C0G720,溪州,彰化縣,溪州鄉,23.851597,120.499083
C0K460,斗南,雲林縣,斗南鎮,23.678725,120.478347
C0K400,斗六,雲林縣,斗六市,23.720575,120.541117
C0M650,朴子,嘉義縣,朴子市,23.434628,120.239019
C0K410,北港,雲林縣,北港鎮,23.574056,120.291786
C0M680,太保,嘉義縣,太保市,23.455047,120.331439
C0K470,林內,雲林縣,林內鄉,23.748675,120.609642
C0G740,大城,彰化縣,大城鄉,23.852481,120.320922
C0K590,雲林東勢,雲林縣,東勢鄉,23.674194,120.255722
C0M760,民雄,嘉義縣,民雄鄉,23.551742,120.428444
C0K450,大埤,雲林縣,大埤鄉,23.646064,120.431525
C0K480,莿桐,雲林縣,莿桐鄉,23.761192,120.502372
C0G940,竹塘,彰化縣,竹塘鄉,23.848253,120.386764
C0K530,臺西,雲林縣,臺西鄉,23.701544,120.197547
C0K510,水林,雲林縣,水林鄉,23.572911,120.245956
C0K500,元長,雲林縣,元長鄉,23.649797,120.315011
C0M750,布袋,嘉義縣,布袋鎮,23.380864,120.167778
C0M780,鹿草,嘉義縣,鹿草鄉,23.411322,120.308333
C0M740,六腳,嘉義縣,六腳鄉,23.492864,120.290611
C0M790,新港,嘉義縣,新港鄉,23.553261,120.345719
C0M770,梅山,嘉義縣,梅山鄉,23.585386,120.555581
C0H890,埔里,南投縣,埔里鎮,23.972169,120.952425
C0I080,信義,南投縣,信義鄉,23.689694,120.851036
C0V810,左營,高雄市,左營區,22.674911,120.284911
C0I460,南投,南投縣,南投市,23.911469,120.687331
C1I450,望鄉山,南投縣,信義鄉,23.594153,120.944286
C1I510,線浸林道,南投縣,鹿谷鄉,23.761508,120.832956
C1I500,大尖山,南投縣,仁愛鄉,23.858572,120.994889
C1K540,口湖,雲林縣,口湖鄉,23.585344,120.180517
C0K550,蔦松,雲林縣,水林鄉,23.514319,120.229736
C0M800,茶山,嘉義縣,阿里山鄉,23.299075,120.664767
C0M820,達邦,嘉義縣,阿里山鄉,23.453994,120.749517
C0X300,鹿寮,臺南市,白河區,23.386047,120.477331
C0K560,棋山,雲林縣,古坑鄉,23.68645,120.603417
C1I470,杉林溪,南投縣,竹山鎮,23.639517,120.786444
C0I480,梅峰,南投縣,仁愛鄉,24.085272,121.173572
C0I490,萬大林道,南投縣,仁愛鄉,23.928228,121.091411
C0S890,關山,臺東縣,關山鎮,23.0395,121.175017
C0AH30,五分山,新北市,瑞芳區,25.07125,121.780794
01D100,太閣南,新竹縣,五峰鄉,24.625286,121.148046
01D190,鳥嘴山,新竹縣,尖石鄉,24.719164,121.28372
01T240,苗圃,花蓮縣,卓溪鄉,23.417015,121.279375
O1T840,花蓮,花蓮縣,花蓮市,23.972934,121.605986
C0R620,墾雷,屏東縣,恆春鎮,21.900836,120.855269
C0F9Y0,桃山,臺中市,和平區,24.432739,121.303808
C0F9Z0,雪山東峰,臺中市,和平區,24.388792,121.268675
C0M860,新美,嘉義縣,阿里山鄉,23.338017,120.683331
C0W110,東莒,連江縣,莒光鄉,25.965197,119.980686
C0W120,西嶼,澎湖縣,西嶼鄉,23.5626,119.468436
C0AH40,平等,臺北市,士林區,25.129142,121.577086
81E870,白布帆,苗栗縣,卓蘭鎮,24.298227,120.905896
81I520,九份二山,南投縣,國姓鄉,23.949895,120.854392
81I530,神木,南投縣,信義鄉,23.528204,120.856691
81I540,上安,南投縣,水里鄉,23.72541,120.876679
81I550,郡坑,南投縣,水里鄉,23.739861,120.870126
81I560,豐丘,南投縣,信義鄉,23.667997,120.876961
81AI30,大粗坑,新北市,瑞芳區,25.091251,121.838927
81S930,射馬干,臺東縣,卑南鄉,22.725061,121.03782
81M020,豐山,嘉義縣,阿里山鄉,23.590386,120.744799
81K580,坪頂,雲林縣,林內鄉,23.75386,120.639013
81E880,火炎山,苗栗縣,三義鄉,24.356087,120.729316
81AH50,萬里國小,新北市,萬里區,25.175833,121.689444
81AH70,柑林國小,新北市,雙溪區,25.015833,121.804444
81AH80,五城加油站,新北市,新店區,24.939858,121.470989
81AH90,信賢派出所,新北市,烏來區,24.838333,121.526111
81AI00,五寮國小,新北市,三峽區,24.858889,121.36
81AI10,建安國小,新北市,三峽區,24.925692,121.446624
81AI20,有木國小,新北市,三峽區,24.853611,121.4375
81C700,大艽芎古道,桃園市,大溪區,24.825,121.288611
81C710,高坡國小,桃園市,復興區,24.767971,121.35156
81D630,尖石國小,新竹縣,尖石鄉,24.728728,121.226523
81D640,錦屏國小,新竹縣,尖石鄉,24.680365,121.246763
81D650,內灣國小,新竹縣,橫山鄉,24.705412,121.183143
81D660,花園派出所,新竹縣,五峰鄉,24.646103,121.151106
81E710,開礦國小,苗栗縣,公館鄉,24.461667,120.863889
81E720,慈惠堂,苗栗縣,銅鑼鄉,24.4475,120.790278
81F880,中坑國小,臺中市,和平區,24.236389,120.88
81F890,坪廓分校,臺中市,太平區,24.156667,120.756667
81F900,峰谷國小,臺中市,霧峰區,24.035278,120.724444
81F910,博屋瑪國小,臺中市,和平區,24.333611,120.920278
81H900,大觀發電廠,南投縣,水里鄉,23.854531,120.869499
81H910,平林國小,南投縣,草屯鎮,23.992778,120.7625
81H920,德化國小,南投縣,魚池鄉,23.84869,120.935333
81H930,玉峰國小,南投縣,水里鄉,23.805589,120.837618
81H940,人和國小,南投縣,水里鄉,23.77896,120.896691
81H950,福龜國小,南投縣,國姓鄉,24.011505,120.822421
81H960,北港國小,南投縣,國姓鄉,24.056661,120.911322
81H970,永興國小,南投縣,水里鄉,23.784838,120.86372
81H980,車籠埔,南投縣,竹山鎮,23.793611,120.710833
81H990,羅娜國小,南投縣,信義鄉,23.628333,120.870556
81M680,太和村,嘉義縣,梅山鄉,23.535556,120.708889
81M690,沄水國小,嘉義縣,中埔鄉,23.381471,120.530602
81V830,那瑪夏國中,高雄市,那瑪夏區,23.240423,120.696717
81R660,內獅國小,屏東縣,獅子鄉,22.305,120.644722
81U890,大里國小,宜蘭縣,頭城鎮,24.970278,121.926111
81U900,大溪國小,宜蘭縣,頭城鎮,24.935556,121.886944
81U910,永樂國小,宜蘭縣,蘇澳鎮,24.575833,121.844167
81T850,溪口國小,花蓮縣,壽豐鄉,23.819722,121.473333
81T860,山興分校,花蓮縣,鳳林鎮,23.727778,121.4975
81T870,東興部落,花蓮縣,豐濱鄉,23.635204,121.530893
81T880,石梯坪,花蓮縣,豐濱鄉,23.483056,121.511389
81T890,瑞北國小,花蓮縣,瑞穗鄉,23.525556,121.376111
81T900,卓溪國小,花蓮縣,卓溪鄉,23.345833,121.303333
81T910,東里國中,花蓮縣,富里鄉,23.263333,121.303056
81S920,金峰鄉公所,臺東縣,金峰鄉,22.598647,120.960944
81C780,奎輝國小,桃園市,復興區,24.7975,121.334444
C0W160,烏坵,金門縣,烏坵鄉,24.9944,119.449556
C0AH70,松山,臺北市,松山區,25.048711,121.550428
C0U720,南山,宜蘭縣,大同鄉,24.437419,121.381669
C0U870,大礁溪,宜蘭縣,礁溪鄉,24.791042,121.675047
C1Z110,三棧,花蓮縣,秀林鄉,24.115569,121.605006
C1Z120,壽豐,花蓮縣,壽豐鄉,23.870853,121.508081
C1Z130,銅門,花蓮縣,秀林鄉,23.965694,121.492842
C0U890,三星,宜蘭縣,三星鄉,24.668122,121.653017
C0U900,內城,宜蘭縣,員山鄉,24.718133,121.687664
C0U860,頭城,宜蘭縣,頭城鎮,24.853233,121.830797
C0Z150,吉安光華,花蓮縣,吉安鄉,23.930925,121.595153
C0Z160,鳳林,花蓮縣,鳳林鎮,23.746114,121.453411
C0Z170,卓溪,花蓮縣,卓溪鄉,23.344331,121.302853
C0U910,冬山,宜蘭縣,冬山鄉,24.633725,121.793697
C1U920,思源,宜蘭縣,大同鄉,24.393125,121.347214
C0Z180,新城,花蓮縣,新城鄉,24.040486,121.604878
C0Z190,富世,花蓮縣,秀林鄉,24.147433,121.629703
01AD90,覽勝橋,新北市,烏來區,24.862306,121.551378
C0Z200,萬榮,花蓮縣,鳳林鎮,23.709219,121.420106
C0Z270,蕃薯寮,花蓮縣,壽豐鄉,23.73835,121.540108
C0F0C0,中坑,臺中市,和平區,24.248517,120.903319
C2C410,中央大學,桃園市,中壢區,24.967652,121.185165
A0A460,文化大學,臺北市,士林區,25.13605,121.53987
C0AH80,深坑,新北市,深坑區,25.002703,121.628328
C0E870,高鐵苗栗,苗栗縣,後龍鎮,24.60725,120.826094
C0K580,高鐵雲林,雲林縣,虎尾鎮,23.737456,120.417944
88U940,寒溪,宜蘭縣,大同鄉,24.609167,121.686944
88K590,華山,雲林縣,古坑鄉,23.595278,120.596944
CAAH60,大安森林,臺北市,大安區,25.02955,121.53628
88T920,大興,花蓮縣,光復鄉,23.631944,121.397778
C0U940,羅東,宜蘭縣,羅東鎮,24.681836,121.749344
C0U950,鶯子嶺,宜蘭縣,頭城鎮,24.897536,121.792444
C0U960,翠峰湖,宜蘭縣,大同鄉,24.510856,121.608044
C0U970,大福,宜蘭縣,壯圍鄉,24.800636,121.813892
C0U980,坪林石牌,宜蘭縣,頭城鎮,24.864781,121.773961
C0U990,員山,宜蘭縣,員山鄉,24.74435,121.722472
C0UA00,土場,宜蘭縣,大同鄉,24.576533,121.495333
C0UA10,鴛鴦湖,宜蘭縣,大同鄉,24.590269,121.412228
C0Z210,瑞穗,花蓮縣,瑞穗鄉,23.5239,121.390211
C0Z220,和平林道,花蓮縣,秀林鄉,24.343922,121.656317
C0Z230,和平,花蓮縣,秀林鄉,24.307169,121.770069
C1Z240,中平林道,花蓮縣,卓溪鄉,23.421147,121.267631
C0Z250,瑞穗林道,花蓮縣,卓溪鄉,23.492842,121.306883
C0Z280,德武,花蓮縣,玉里鎮,23.474264,121.410711
C0Z290,赤柯山,花蓮縣,玉里鎮,23.368928,121.382931
C0Z300,東里,花蓮縣,富里鄉,23.268528,121.305469
C0F0D0,審馬陣,臺中市,和平區,24.381675,121.4203
C0I540,奇萊稜線,南投縣,仁愛鄉,24.109231,121.326456
C0C700,中壢,桃園市,中壢區,24.977661,121.256375
A0A010,臺灣大學,臺北市,大安區,25.014278,121.539416
72S200,東改班鳩分場,臺東縣,卑南鄉,22.829528,121.077694
72S590,東改賓朗果園,臺東縣,卑南鄉,22.813889,121.071278
82S580,茶改東部分場,臺東縣,鹿野鄉,22.907694,121.130139
U2H480,臺大溪頭,南投縣,鹿谷鄉,23.670306,120.798194
72G600,臺中農改,彰化縣,大村鄉,24.003028,120.534389
72K220,南改斗南分場,雲林縣,斗南鎮,23.634556,120.477333
72N100,臺南農改,臺南市,新化區,23.0605,120.342194
72V140,高改旗南分場,高雄市,旗山區,22.857861,120.516667
72Q010,高雄農改,屏東縣,長治鄉,22.709333,120.525889
B2E890,畜試北區分所,苗栗縣,西湖鄉,24.527806,120.770972
72C440,桃園農改,桃園市,新屋區,24.950944,121.030583
72D080,桃改五峰分場,新竹縣,五峰鄉,24.612194,121.157167
82C160,茶改場,桃園市,楊梅區,24.908472,121.185333
A2C560,農工中心,桃園市,中壢區,24.985917,121.239833
82A750,茶改北部分場,新北市,石碇區,24.955778,121.631222
72U480,花改蘭陽分場,宜蘭縣,三星鄉,24.686306,121.716583
K2E360,苗栗農改,苗栗縣,公館鄉,24.495722,120.829111
K2E710,苗改生物防治,苗栗縣,大湖鄉,24.422861,120.871833
K2F750,種苗繁殖,臺中市,新社區,24.225972,120.800917
82H840,茶改南部分場,南投縣,鹿谷鄉,23.762528,120.7405
82H320,茶改中部分場,南投縣,魚池鄉,23.875611,120.913583
U2HA50,臺大竹山,南投縣,竹山鎮,23.756972,120.681556
81C790,華陵,桃園市,復興區,24.663333,121.397222
G2L020,農試嘉義分所,嘉義市,東區,23.485028,120.473806
72M360,南改義竹分場,嘉義縣,義竹鄉,23.360694,120.279361
B2N890,畜試所,臺南市,新化區,23.058972,120.336406
G2P820,農試鳳山分所,高雄市,鳳山區,22.646611,120.356083
B2Q810,畜試南區分所,屏東縣,恆春鎮,21.945583,120.802167
72T250,花蓮農改,花蓮縣,吉安鄉,23.975222,121.563889
C0AH90,福山植物園,新北市,烏來區,24.760717,121.58135
C0Z310,清水斷崖,花蓮縣,秀林鄉,24.218294,121.689142
C0UA60,樟樹山,宜蘭縣,南澳鄉,24.413925,121.783247
C0UA70,桃源谷,宜蘭縣,頭城鎮,24.962606,121.888875
C0UA30,白嶺,宜蘭縣,大同鄉,24.527819,121.519031
C0UA40,西德山,宜蘭縣,南澳鄉,24.560647,121.752608
C0UA50,西帽山,宜蘭縣,南澳鄉,24.555361,121.802628
C0Z320,清水林道,花蓮縣,卓溪鄉,23.27125,121.188272
C0Z330,安通山,花蓮縣,玉里鎮,23.290728,121.348528
C0B010,七堵,基隆市,七堵區,25.094819,121.717128
C0AI00,五股,新北市,五股區,25.074453,121.427281
C0C690,國一五楊N44K,桃園市,龜山區,25.063861,121.340164
88S950,大鳥,臺東縣,大武鄉,22.383056,120.910278
C1TA00,太魯閣,花蓮縣,秀林鄉,24.157728,121.623597
C1R630,龍泉,屏東縣,內埔鄉,22.667011,120.590911
C0R640,東港,屏東縣,東港鎮,22.462467,120.440744
C0R650,竹田,屏東縣,竹田鄉,22.584861,120.543442
CAHA00,消防署訓,南投縣,竹山鎮,23.82137,120.72293
C0AI10,屈尺,新北市,新店區,24.921836,121.544725
C0B020,基隆嶼,基隆市,中正區,25.191408,121.783914
C0S900,蘭嶼高中,臺東縣,蘭嶼鄉,22.049094,121.512142
C0S910,蘭嶼燈塔,臺東縣,蘭嶼鄉,22.081197,121.503117
88F920,松鶴,臺中市,和平區,24.178889,120.978333
81D670,田埔分校,新竹縣,尖石鄉,24.641389,121.278611
C0AI20,白沙灣,新北市,石門區,25.283128,121.519058
C0V820,小林,高雄市,甲仙區,23.14841,120.63325
81V840,新發國小,高雄市,六龜區,23.0325,120.6625
C0C710,大溪永福,桃園市,大溪區,24.892936,121.324975
C1M640,十字,嘉義縣,阿里山鄉,23.492153,120.753683
E2H360,蓮華池,南投縣,魚池鄉,23.918333,120.885278
72HA00,中改埔里分場,南投縣,魚池鄉,23.903208,120.963364
U2HA30,臺大和社,南投縣,信義鄉,23.590856,120.888864
U2HA40,臺大內茅埔,南投縣,信義鄉,23.689722,120.851117
G2M350,農試溪口農場,嘉義縣,溪口鄉,23.58565,120.408111
E2K600,四湖植物園,雲林縣,四湖鄉,23.676986,120.163433
G2F820,農業試驗所,臺中市,霧峰區,24.031261,120.688133
72M700,南改鹿草分場,嘉義縣,鹿草鄉,23.416869,120.283061
72N240,七股研究中心,臺南市,七股區,23.081672,120.062894
42HA10,萬大發電廠,南投縣,仁愛鄉,23.978875,121.139639
12Q970,東港工作站,屏東縣,東港鎮,22.479997,120.466058
12J990,口湖工作站,雲林縣,口湖鄉,23.589978,120.180394
12Q980,恆春工作站,屏東縣,車城鄉,22.079678,120.714425
C0SA60,知本水試所,臺東縣,臺東市,22.702394,121.082761
C1SA70,都蘭,臺東縣,東河鄉,22.87794,121.226881
C0SA80,土阪,臺東縣,達仁鄉,22.453108,120.887572
C0S660,下馬,臺東縣,海端鄉,23.150194,121.070025
01Q960,泰武(2),屏東縣,泰武鄉,22.598611,120.685278
C0S940,石寧山,臺東縣,長濱鄉,23.223772,121.406639
C0S950,七塊厝,臺東縣,東河鄉,22.954453,121.229922
C0T9N0,富里,花蓮縣,富里鄉,23.171639,121.249378
C0SA10,檳榔四格山,臺東縣,卑南鄉,22.810031,121.109308
C0S930,延平,臺東縣,延平鄉,22.902581,121.084058
C0S920,金峰嘉蘭,臺東縣,金峰鄉,22.594789,120.960825
C0SA20,金崙山,臺東縣,太麻里鄉,22.567419,120.959667
C0S970,加津林,臺東縣,大武鄉,22.416211,120.926942
C0S990,山豬窟,臺東縣,大武鄉,22.318619,120.857372
C0SA40,瑞和,臺東縣,鹿野鄉,22.974361,121.156697
C0SA00,歷坵,臺東縣,太麻里鄉,22.520969,120.89185
C0S980,勝林山,臺東縣,達仁鄉,22.430439,120.8938
C0AI30,三重,新北市,三重區,25.057378,121.500625
C0S960,香蘭,臺東縣,太麻里鄉,22.587569,120.993375
C1SA50,利嘉林道,臺東縣,卑南鄉,22.82325,121.009389
C0R680,佳樂水,屏東縣,滿州鄉,21.993578,120.861633
C0R660,枋寮,屏東縣,枋寮鄉,22.367722,120.590647
C0R670,楓港,屏東縣,枋山鄉,22.190131,120.692156
C0R700,枋山,屏東縣,枋山鄉,22.246844,120.661086
C0R690,墾丁,屏東縣,恆春鎮,21.966756,120.810269
C0AI40,石牌,臺北市,北投區,25.115597,121.513167
C0R341,牡丹,屏東縣,牡丹鄉,22.130036,120.792639
C0R720,旭海,屏東縣,牡丹鄉,22.205403,120.887614
C0G900,線西,彰化縣,線西鄉,24.143358,120.443536
C0G910,花壇,彰化縣,花壇鄉,24.030322,120.549461
C2E880,三義,苗栗縣,三義鄉,24.40548,120.74982
V2K610,大庄合作社,雲林縣,二崙鄉,23.8068,120.367939
V2K620,麥寮合作社,雲林縣,麥寮鄉,23.753836,120.294783
E2S980,太麻里1,臺東縣,太麻里鄉,22.598922,120.980044
E2S960,太麻里2,臺東縣,太麻里鄉,22.598,120.99775
72AI40,桃改樹林分場,新北市,樹林區,24.944503,121.386972
E2HA20,林試畢祿溪站,南投縣,仁愛鄉,24.226944,121.308522
A2N290,臺南蘭花園區,臺南市,後壁區,23.340258,120.379661
B2U990,畜試東區分所,宜蘭縣,五結鄉,24.669039,121.832561
A2K630,臺大雲林校區,雲林縣,虎尾鎮,23.730628,120.423903
E2P980,林試六龜中心,高雄市,六龜區,22.991703,120.645722
A2K360,水試臺西試驗,雲林縣,臺西鄉,23.717231,120.190522
V2C260,八德蔬果,桃園市,八德區,24.978508,121.281819
C0R840,牡丹池山,屏東縣,牡丹鄉,22.168389,120.841225
C0X320,柳營,臺南市,柳營區,23.253328,120.375253
C0R730,大坪頂,屏東縣,恆春鎮,22.024633,120.69355
C0R710,龍磐,屏東縣,恆春鎮,21.931672,120.838942
C0R741,獅子,屏東縣,獅子鄉,22.202308,120.705236
C0R750,四林格山,屏東縣,牡丹鄉,22.076989,120.802439
C0R760,南仁湖,屏東縣,滿州鄉,22.084681,120.863353
C0R770,保力,屏東縣,車城鄉,22.071122,120.764111
C0R780,滿州,屏東縣,滿州鄉,22.024403,120.839892
C0R790,九棚,屏東縣,滿州鄉,22.142069,120.894356
C0R800,丹路,屏東縣,獅子鄉,22.204481,120.750989
C0R810,內獅,屏東縣,獅子鄉,22.305064,120.642986
C0R820,白鷺,屏東縣,來義鄉,22.454275,120.666219
C0R830,高士,屏東縣,牡丹鄉,22.121825,120.836781
C0SA90,達仁林場,臺東縣,達仁鄉,22.264347,120.823972
CAF010,國一N174K,臺中市,西屯區,24.2049,120.6552
CAG010,國一N198K,彰化縣,彰化市,24.063889,120.523056
CAJ020,國一N234K,雲林縣,西螺鎮,23.74633,120.467926
CAL010,國一N250K,嘉義縣,大林鎮,23.610292,120.436867
CAD010,國一S105K,新竹縣,寶山鄉,24.726316,120.940643
CAE020,國一S114K,苗栗縣,頭份市,24.668836,120.885811
CAE030,國一S123K,苗栗縣,頭屋鄉,24.59594,120.86071
CAE040,國一S132K,苗栗縣,公館鄉,24.524506,120.820831
CAE050,國一S152K,苗栗縣,三義鄉,24.375492,120.749184
CAF020,國一S162K,臺中市,后里區,24.295534,120.695976
CAF030,國一S169K,臺中市,神岡區,24.237116,120.688271
CAF040,國一S188K,臺中市,大肚區,24.118546,120.585747
CAG030,國一S207K,彰化縣,大村鄉,23.988304,120.508092
CAE060,國三N119K,苗栗縣,竹南鎮,24.675432,120.847389
CAE070,國三N151K,苗栗縣,苑裡鎮,24.440218,120.681656
CAG040,國三N191K,彰化縣,和美鎮,24.139256,120.5215
CAG050,國三N196K,彰化縣,彰化市,24.107155,120.554482
CAF050,國三N208K,臺中市,霧峰區,24.066147,120.660919
CAH010,國三N223K,南投縣,草屯鎮,23.955116,120.662376
CAJ010,國三N252K,雲林縣,林內鄉,23.77412,120.64061
CAE080,國三S140K,苗栗縣,通霄鎮,24.522345,120.725006
CAE090,國三S156K,苗栗縣,苑裡鎮,24.39798,120.669487
CAF060,國三S168K,臺中市,清水區,24.308519,120.614471
CAG060,國三S202K,彰化縣,彰化市,24.092468,120.603256
CAH020,國三S217K,南投縣,草屯鎮,24.00683,120.653214
CAF090,國四E5K,臺中市,神岡區,24.296465,120.643135
81HA60,中興新村,南投縣,南投市,23.959722,120.686389
G2AI50,台農院關渡站,臺北市,北投區,25.11575,121.492
C1AI50,國三N016K,臺北市,南港區,25.034164,121.619664
C1AI60,國一39K,新北市,泰山區,25.064361,121.383836
C1E890,國三N149K,苗栗縣,通霄鎮,24.463414,120.680019
C1I550,國六W023K,南投縣,國姓鄉,23.979067,120.867742
C1M870,國三N285K,嘉義縣,民雄鄉,23.550319,120.505833
C1V830,國三S383K,高雄市,燕巢區,22.781967,120.426475
CAA090,國三甲005K,臺北市,文山區,25.00194,121.5975
CAC020,國二E009K,桃園市,桃園區,25.018244,121.273697
CAB050,國三N002K,基隆市,中山區,25.14583,121.7217
CAB030,國三S004K,基隆市,七堵區,25.11444,121.6886
CAB040,國三S007K,基隆市,七堵區,25.09694,121.6678
CAA030,國三S010K,新北市,汐止區,25.08,121.6475
CAA040,國三S016K,臺北市,南港區,25.03306,121.6158
CAA050,國三S037K,新北市,土城區,24.982361,121.471042
CAA060,國三S042K,新北市,土城區,24.96,121.4306
CAA070,國三N046K,新北市,樹林區,24.95083,121.3958
CAA080,國三S054K,新北市,鶯歌區,24.93917,121.3239
CAC030,國三N063K,桃園市,大溪區,24.889514,121.2636
CAD080,國三N085K,新竹縣,關西鎮,24.78333,121.1211
CAD090,國三S103K,新竹市,東區,24.75861,120.9608
CAB010,國一S001K,基隆市,安樂區,25.11583,121.7286
CAB020,國一S006K,基隆市,七堵區,25.08694,121.6869
CAA010,國一N013K,新北市,汐止區,25.066739,121.628153
CAA020,國一S026K,新北市,三重區,25.07639,121.4964
