area,date,mean_NDVI,min_NDVI,max_NDVI,spread_max_minus_min
Broad Hualien AOI,2020-01-15,0.7057214183901817,-0.35521402955055237,0.9974093437194824,1.3526233732700348
Broad Hualien AOI,2020-02-15,0.6954681765048321,-0.23117376863956451,0.9220778942108154,1.15325166285038
Broad Hualien AOI,2020-03-15,0.6302986701017591,-0.04113614186644554,0.8949242830276489,0.9360604248940945
Broad Hualien AOI,2020-04-15,0.6591252271981928,-0.07033639401197433,0.8996686935424805,0.9700050875544548
Broad Hualien AOI,2020-05-15,0.6390377714948646,-0.11188673228025436,0.9506173133850098,1.0625040456652641
Broad Hualien AOI,2020-06-15,0.7524523545321395,-0.15876412391662598,0.9552361369132996,1.1140002608299255
Broad Hualien AOI,2020-07-15,0.7087553232943333,-0.06869030743837357,0.9412440657615662,1.0099343731999397
Broad Hualien AOI,2020-08-15,0.715674469690831,-0.10033116489648819,0.9400544762611389,1.040385641157627
Broad Hualien AOI,2020-09-15,0.6349259835793334,-0.057065218687057495,0.9256439208984375,0.982709139585495
Broad Hualien AOI,2020-10-15,0.6977834157906251,-0.13126200437545776,0.9327353239059448,1.0639973282814026
Broad Hualien AOI,2020-11-15,0.7554669174520843,-0.22942884266376495,0.953971803188324,1.183400645852089
Broad Hualien AOI,2020-12-15,0.698088830812076,-0.13301663100719452,0.9350220561027527,1.0680386871099472
Broad Hualien AOI,2021-01-15,0.7106521242841056,-0.1492537260055542,0.996196448802948,1.1454501748085022
Broad Hualien AOI,2021-02-15,0.6250713582107099,-0.08128544688224792,0.8906017541885376,0.9718872010707855
Broad Hualien AOI,2021-03-15,0.6923582906591935,-0.0935412049293518,0.9205160140991211,1.014057219028473
Broad Hualien AOI,2021-04-15,0.7241644295586436,-0.12941177189350128,0.9636806845664978,1.093092456459999
Broad Hualien AOI,2021-05-15,0.7164578859826936,-0.11546453088521957,0.9933884143829346,1.1088529452681541
Broad Hualien AOI,2021-06-15,,,,
Broad Hualien AOI,2021-07-15,0.7337113055087838,-0.2065242975950241,0.954779863357544,1.161304160952568
Broad Hualien AOI,2021-08-15,0.6709552449224692,-0.10327868908643723,0.9331165552139282,1.0363952443003654
Broad Hualien AOI,2021-09-15,0.6986441615169909,-0.13594163954257965,0.9566732048988342,1.0926148444414139
Broad Hualien AOI,2021-10-15,0.5742890496129393,-0.07713884860277176,0.8814263939857483,0.95856524258852
Broad Hualien AOI,2021-11-15,0.6937732781364506,-0.3713713586330414,0.9672897458076477,1.338661104440689
Broad Hualien AOI,2021-12-15,0.6965257654196967,-0.29022082686424255,0.9988221526145935,1.289042979478836
Broad Hualien AOI,2022-01-15,,,,
Broad Hualien AOI,2022-02-15,,,,
Broad Hualien AOI,2022-03-15,0.7230365352071113,-0.15865561366081238,0.9371954798698425,1.095851093530655
Broad Hualien AOI,2022-04-15,0.6868363481057039,-0.2368421107530594,0.9725390672683716,1.209381178021431
Broad Hualien AOI,2022-05-15,0.7279076913523481,-0.14344123005867004,1.0,1.14344123005867
Broad Hualien AOI,2022-06-15,0.6730331349810816,-0.18702442944049835,0.9808967113494873,1.1679211407899857
Broad Hualien AOI,2022-07-15,0.7457358911184436,-0.1671917587518692,0.9892537593841553,1.1564455181360245
Broad Hualien AOI,2022-08-15,0.725759617957599,-0.11511106044054031,0.9693779945373535,1.0844890549778938
Broad Hualien AOI,2022-09-15,0.7676947968978642,-0.06769230961799622,0.9633587598800659,1.0310510694980621
Broad Hualien AOI,2022-10-15,0.742259055679474,-0.20208144187927246,0.9350414276123047,1.1371228694915771
Broad Hualien AOI,2022-11-15,0.7032654854210207,-0.3978022038936615,0.9662027955055237,1.3640049993991852
Broad Hualien AOI,2022-12-15,0.7234660720803782,-0.14203697443008423,0.924410879611969,1.0664478540420532
Broad Hualien AOI,2023-01-15,,,,
Broad Hualien AOI,2023-02-15,0.5368132503027404,-0.05371428653597832,0.8900509476661682,0.9437652342021465
Broad Hualien AOI,2023-03-15,0.6972999747552379,-0.05740181356668472,0.9288101196289062,0.986211933195591
Broad Hualien AOI,2023-04-15,0.6368525283585184,-0.12317327409982681,0.9197530746459961,1.042926348745823
Broad Hualien AOI,2023-05-15,0.6957199995450395,-0.10360750555992126,1.0,1.1036075055599213
Broad Hualien AOI,2023-06-15,0.6804613406948892,-0.11905856430530548,1.0,1.1190585643053055
Broad Hualien AOI,2023-07-15,0.7472055810441359,-0.1390046775341034,0.9589011073112488,1.0979057848453522
Broad Hualien AOI,2023-08-15,0.6973037024595378,-0.15627051889896393,0.948607325553894,1.104877844452858
Broad Hualien AOI,2023-09-15,0.7190212165951608,-0.20300380885601044,0.9436987638473511,1.1467025727033615
Broad Hualien AOI,2023-10-15,0.6940928997764442,-0.07971484214067459,0.9060485363006592,0.9857633784413338
Broad Hualien AOI,2023-11-15,0.6350493006255057,-0.19472403824329376,0.9177230596542358,1.1124470978975296
Broad Hualien AOI,2023-12-15,,,,
Broad Hualien AOI,2024-01-15,0.7057537357686595,-0.059186190366744995,0.9819819927215576,1.0411681830883026
Broad Hualien AOI,2024-02-15,0.7166561855999818,-0.03413475677371025,0.9131339192390442,0.9472686760127544
Broad Hualien AOI,2024-03-15,0.6625272994739922,-0.14803625643253326,0.9210584163665771,1.0690946727991104
Broad Hualien AOI,2024-04-15,0.6183223257063717,-0.058230169117450714,1.0,1.0582301691174507
Broad Hualien AOI,2024-05-15,,,,
Broad Hualien AOI,2024-06-15,0.684774481415562,-0.11952726542949677,0.9286531805992126,1.0481804460287094
Broad Hualien AOI,2024-07-15,0.7458685983514027,-0.1394399255514145,0.9793984293937683,1.1188383549451828
Broad Hualien AOI,2024-08-15,0.7538513735722806,-0.17409707605838776,0.9595205783843994,1.1336176544427872
Broad Hualien AOI,2024-09-15,0.7245345490091935,-0.19654494524002075,0.9466192126274109,1.1431641578674316
Broad Hualien AOI,2024-10-15,0.7005821609573092,-0.17770294845104218,0.9438889026641846,1.1215918511152267
Broad Hualien AOI,2024-11-15,0.6066342789311497,-0.17037037014961243,0.9066634774208069,1.0770338475704193
Broad Hualien AOI,2024-12-15,0.6913194688301981,-0.34464284777641296,0.9262536764144897,1.2708965241909027
Broad Hualien AOI,2025-01-15,0.7065654182269596,-0.10097087174654007,0.9863945841789246,1.0873654559254646
Broad Hualien AOI,2025-02-15,0.6728244511776591,-0.25980910658836365,0.9358878135681152,1.1956969201564789
Broad Hualien AOI,2025-03-15,0.7128367168075639,-0.33589988946914673,0.9584210515022278,1.2943209409713745
Broad Hualien AOI,2025-04-15,0.6969346940831292,-0.2271662801504135,0.9283825755119324,1.1555488556623459
Broad Hualien AOI,2025-05-15,,,,
Broad Hualien AOI,2025-06-15,0.7540048652348541,-0.16437146067619324,0.978974461555481,1.1433459222316742
Broad Hualien AOI,2025-07-15,0.6367145707540587,-0.2211981564760208,0.9766509532928467,1.1978491097688675
Broad Hualien AOI,2025-08-15,0.6631091368433554,-0.415086030960083,0.9450892806053162,1.3601753115653992
Broad Hualien AOI,2025-09-15,0.6712543195335704,-0.5862069129943848,0.9856528043746948,1.5718597173690796
Broad Hualien AOI,2025-10-15,0.6664665042455876,-0.3109452724456787,0.9410112500190735,1.2519565224647522
Broad Hualien AOI,2025-11-15,,,,
Broad Hualien AOI,2025-12-15,0.6315336713417838,-0.31046023964881897,0.9457831382751465,1.2562433779239655
Broad Hualien AOI,2026-01-15,0.6215797742537998,-0.3244325816631317,0.9344314932823181,1.2588640749454498
Broad Hualien AOI,2026-02-15,,,,
Broad Hualien AOI,2026-03-15,0.6454046795458573,-0.8511749505996704,0.9312571883201599,1.7824321389198303
Broad Hualien AOI,2026-04-15,,,,
Broad Hualien AOI,2026-05-15,,,,
Broad Hualien AOI,2026-06-15,,,,
Broad Hualien AOI,2026-07-15,,,,
Broad Hualien AOI,2026-08-15,,,,
Broad Hualien AOI,2026-09-15,,,,
Broad Hualien AOI,2026-10-15,,,,
Broad Hualien AOI,2026-11-15,,,,
Broad Hualien AOI,2026-12-15,,,,
